SITECODE,EVL,GROUP,SPECIES_CODE,SPECIES_NAME,rokEVL,TYPE
CZ0113001,Obora Hvězda,I,1014,Vertigo angustior,2005,p
CZ0113002,Milíčovský les,I,1088,Cerambyx cerdo,2005,p
CZ0113005,Lochkovský profil,I,6199,Callimorpha quadripunctaria,2005,p
CZ0113773,Praha - Petřín,I,1083,Lucanus cervus,2005,p
CZ0113774,Praha - Letňany,M,1335,Spermophilus citellus,2005,p
CZ0114001,Radotínské údolí,I,6199,Callimorpha quadripunctaria,2005,p
CZ0114001,Radotínské údolí,P,1689,Dracocephalum austriacum,2005,p
CZ0210114,Radouč,M,1335,Spermophilus citellus,2016,p
CZ0210714,Lžovické tůně,I,1086,Cucujus cinnaberinus,2016,p
CZ0212001,Březinský rybník,P,1887,Coleanthus subtilis,2005,p
CZ0212004,Malíkovická stráň,P,1902,Cypripedium calceolus,2009,p
CZ0212006,Drhleny,P,1421,Trichomanes speciosum,2005,p
CZ0212008,Hadce u Hrnčíř,P,2077,Minuartia smejkalii,2005,p
CZ0212010,Hvožďanské Háje,P,1887,Coleanthus subtilis,2005,p
CZ0212019,Smradovna,P,1902,Cypripedium calceolus,2005,p
CZ0212019,Smradovna,P,4068,Adenophora lilifolia,2005,p
CZ0212020,Rečkov,I,1016,Vertigo moulinsiana,2009,p
CZ0212020,Rečkov,P,1758,Ligularia sibirica,2005,p
CZ0212021,Slatinná louka u Velenky,P,1437,Thesium ebracteatum,2005,p
CZ0212021,Slatinná louka u Velenky,P,4096,Gladiolus palustris,2005,p
CZ0212022,Slepeč,P,1902,Cypripedium calceolus,2005,p
CZ0212023,Písčina u Tišic,P,1805,Jurinea cyanoides,2005,p
CZ0212024,Červené dolíky,P,1902,Cypripedium calceolus,2016,p
CZ0212025,Ostrov u Jedomělic,P,1902,Cypripedium calceolus,2016,p
CZ0213001,Nový rybník u Kačiny,A,1188,Bombina bombina,2009,p
CZ0213004,Rybník Starý u Líchov,A,1188,Bombina bombina,2009,p
CZ0213005,Šáchovec,A,1188,Bombina bombina,2009,p
CZ0213006,Valcha,I,1016,Vertigo moulinsiana,2005,p
CZ0213008,Bezděkovský lom,A,1166,Triturus cristatus,2005,p
CZ0213009,Vlašimská Blanice,I,1032,Unio crassus,2005,p
CZ0213009,Vlašimská Blanice,I,1084,Osmoderma eremita,2005,p
CZ0213009,Vlašimská Blanice,F,1096,Lampetra planeri,2005,p
CZ0213009,Vlašimská Blanice,M,1355,Lutra lutra,2005,p
CZ0213013,Březnice - Oblouček,A,1188,Bombina bombina,2005,p
CZ0213015,Dobříšský park,I,1084,Osmoderma eremita,2005,p
CZ0213016,Zákolanský potok,I,1093,Austropotamobius torrentium,2009,p
CZ0213017,Dražská Koupě,A,1188,Bombina bombina,2005,p
CZ0213023,Hrdlička - Žďánská hora,I,6199,Callimorpha quadripunctaria,2005,p
CZ0213028,Kalivody,A,1188,Bombina bombina,2005,p
CZ0213029,Kalspot,A,1166,Triturus cristatus,2005,p
CZ0213038,Kyšice - Kobyla,A,1166,Triturus cristatus,2005,p
CZ0213039,Labe - Liběchov,F,5339,Rhodeus sericeus amarus,2005,p
CZ0213042,Losinský potok,F,1096,Lampetra planeri,2005,p
CZ0213043,Třeštibok,I,6199,Callimorpha quadripunctaria,2005,p
CZ0213047,Minartice,A,1188,Bombina bombina,2005,p
CZ0213048,Mydlovarský luh,F,5339,Rhodeus sericeus amarus,2005,p
CZ0213050,Ohrazenický potok,F,1096,Lampetra planeri,2005,p
CZ0213051,Oškobrh,I,1083,Lucanus cervus,2005,p
CZ0213058,Lom na Plachtě,A,1188,Bombina bombina,2005,p
CZ0213059,Třebichovická olšinka,I,1014,Vertigo angustior,2005,p
CZ0213061,Týnecké mokřiny,A,1188,Bombina bombina,2005,p
CZ0213063,Rakovník - za koupalištěm,I,6179,Maculinea nausithous,2005,p
CZ0213064,Rožmitál pod Třemšínem,A,1166,Triturus cristatus,2005,p
CZ0213065,Na Babě,I,6199,Callimorpha quadripunctaria,2005,p
CZ0213066,Rybník Vočert a Lazy,A,1188,Bombina bombina,2005,p
CZ0213067,Sázava,F,1130,Aspius aspius,2005,p
CZ0213068,Dolní Sázava,I,1032,Unio crassus,2005,p
CZ0213068,Dolní Sázava,F,5339,Rhodeus sericeus amarus,2005,p
CZ0213069,Sedlečský potok,F,1096,Lampetra planeri,2005,p
CZ0213070,Slánsko - Byseňský potok,I,1084,Osmoderma eremita,2005,p
CZ0213071,Slavkov,A,1188,Bombina bombina,2005,p
CZ0213072,Smečno,I,1084,Osmoderma eremita,2005,p
CZ0213076,Štěpánovský potok,F,1096,Lampetra planeri,2005,p
CZ0213077,Suchdolský rybník,A,1166,Triturus cristatus,2005,p
CZ0213078,Trhovky,M,1335,Spermophilus citellus,2005,p
CZ0213081,Vápenické jezero,A,1188,Bombina bombina,2005,p
CZ0213082,Velký Raputovský rybník,A,1166,Triturus cristatus,2005,p
CZ0213082,Velký Raputovský rybník,A,1188,Bombina bombina,2005,p
CZ0213083,Veltrusy,I,1083,Lucanus cervus,2005,p
CZ0213083,Veltrusy,I,1084,Osmoderma eremita,2005,p
CZ0213084,Vlčkovice - Dubský rybník,A,1188,Bombina bombina,2005,p
CZ0213086,Aglaia,A,1166,Triturus cristatus,2005,p
CZ0213512,Skočová - pískovna,A,1193,Bombina variegata,2005,p
CZ0213600,Bělá pod Bezdězem - zámek,M,1324,Myotis myotis,2005,r
CZ0213601,Jungmannova škola v Berouně,M,1324,Myotis myotis,2005,r
CZ0213602,Dobříšský zámek,M,1324,Myotis myotis,2005,r
CZ0213610,Křivoklát - hrad,M,1324,Myotis myotis,2005,r
CZ0213611,Ledce - hájovna,M,1324,Myotis myotis,2005,r
CZ0213612,Loučeň - hotel Jivák,M,1324,Myotis myotis,2005,r
CZ0213613,Malešov,M,1308,Barbastella barbastellus,2005,w
CZ0213615,Štola Jarnice,M,1303,Rhinolophus hipposideros,2005,w
CZ0213620,Štola Mořic,M,1324,Myotis myotis,2005,w
CZ0213621,Štoly Velké Ameriky,M,1308,Barbastella barbastellus,2005,w
CZ0213621,Štoly Velké Ameriky,M,1324,Myotis myotis,2005,w
CZ0213626,Suchomasty - zámeček,M,1303,Rhinolophus hipposideros,2005,r
CZ0213628,Točník - hrad,M,1324,Myotis myotis,2005,r
CZ0213629,Týnecká rotunda,M,1324,Myotis myotis,2005,r
CZ0213630,Vysoký Újezd - kostel,M,1324,Myotis myotis,2005,r
CZ0213631,Svatá Dobrotivá,M,1324,Myotis myotis,2005,r
CZ0213776,Bezděčín,M,1335,Spermophilus citellus,2005,p
CZ0213777,Bohostice,I,6179,Maculinea nausithous,2005,p
CZ0213779,Břežanské údolí,I,6199,Callimorpha quadripunctaria,2005,p
CZ0213783,Felbabka,A,1193,Bombina variegata,2005,p
CZ0213784,Horní a Dolní obděnický rybník,A,1188,Bombina bombina,2005,p
CZ0213785,Horní solopyský rybník,A,1188,Bombina bombina,2005,p
CZ0213787,Hrachoviště,A,1193,Bombina variegata,2005,p
CZ0213789,Jablonná - mokřad,A,1188,Bombina bombina,2005,p
CZ0213790,Javůrek,A,1166,Triturus cristatus,2005,p
CZ0213791,Jezera,A,1188,Bombina bombina,2005,p
CZ0213792,Kačina,I,1084,Osmoderma eremita,2005,p
CZ0213792,Kačina,I,1086,Cucujus cinnaberinus,2009,p
CZ0213794,Kerské rybníčky,A,1166,Triturus cristatus,2005,p
CZ0213796,Kolín - letiště,M,1335,Spermophilus citellus,2005,p
CZ0213802,V hladomoří,I,6199,Callimorpha quadripunctaria,2005,p
CZ0213814,Ledný potok,F,1163,Cottus gobio,2005,p
CZ0213817,Obecnický potok,F,1096,Lampetra planeri,2005,p
CZ0213818,Octárna,F,1096,Lampetra planeri,2005,p
CZ0213822,V Hlinišťatech,A,1166,Triturus cristatus,2009,p
CZ0213822,V Hlinišťatech,A,1193,Bombina variegata,2009,p
CZ0214002,Karlické údolí,P,1689,Dracocephalum austriacum,2005,p
CZ0214002,Karlické údolí,P,4068,Adenophora lilifolia,2005,p
CZ0214003,Zlatý kůň,M,1303,Rhinolophus hipposideros,2005,w
CZ0214003,Zlatý kůň,M,1324,Myotis myotis,2005,w
CZ0214004,Černý Orel,I,6179,Maculinea nausithous,2005,p
CZ0214005,Andělské schody,I,6177,Maculinea teleius,2005,p
CZ0214006,Milovice - Mladá,A,1166,Triturus cristatus,2005,p
CZ0214007,Káraný - Hrbáčkovy tůně,I,1083,Lucanus cervus,2005,p
CZ0214007,Káraný - Hrbáčkovy tůně,A,1166,Triturus cristatus,2005,p
CZ0214008,Lánská obora,I,1032,Unio crassus,2005,p
CZ0214008,Lánská obora,I,1079,Limoniscus violaceus,2005,p
CZ0214008,Lánská obora,I,1084,Osmoderma eremita,2005,p
CZ0214008,Lánská obora,I,1088,Cerambyx cerdo,2005,p
CZ0214009,Libické luhy,I,1083,Lucanus cervus,2005,p
CZ0214009,Libické luhy,I,1084,Osmoderma eremita,2005,p
CZ0214009,Libické luhy,I,1086,Cucujus cinnaberinus,2016,p
CZ0214009,Libické luhy,A,1188,Bombina bombina,2005,p
CZ0214010,Dománovický les,I,6169,Hypodryas maturna,2005,p
CZ0214010,Dománovický les,I,1083,Lucanus cervus,2005,p
CZ0214010,Dománovický les,P,1902,Cypripedium calceolus,2005,p
CZ0214011,Týřov - Oupořský potok,I,1079,Limoniscus violaceus,2005,p
CZ0214011,Týřov - Oupořský potok,I,1093,Austropotamobius torrentium,2005,p
CZ0214011,Týřov - Oupořský potok,P,1381,Dicranum viride,2009,p
CZ0214012,Příhrazské skály,M,1303,Rhinolophus hipposideros,2005,w
CZ0214012,Příhrazské skály,P,1421,Trichomanes speciosum,2005,p
CZ0214013,Kokořínsko,I,1014,Vertigo angustior,2005,p
CZ0214013,Kokořínsko,I,1016,Vertigo moulinsiana,2005,p
CZ0214013,Kokořínsko,F,1145,Misgurnus fossilis,2005,p
CZ0214013,Kokořínsko,F,1149,Cobitis taenia,2005,p
CZ0214013,Kokořínsko,P,1421,Trichomanes speciosum,2005,p
CZ0214013,Kokořínsko,P,1902,Cypripedium calceolus,2005,p
CZ0214014,Podlesí,I,1014,Vertigo angustior,2005,p
CZ0214014,Podlesí,I,1042,Leucorrhinia pectoralis,2005,p
CZ0214014,Podlesí,P,1887,Coleanthus subtilis,2005,p
CZ0214015,Vůznice,I,1083,Lucanus cervus,2005,p
CZ0214015,Vůznice,A,1193,Bombina variegata,2005,p
CZ0214016,Želivka,F,1130,Aspius aspius,2005,p
CZ0214016,Želivka,M,1308,Barbastella barbastellus,2005,w
CZ0214016,Želivka,P,2077,Minuartia smejkalii,2005,p
CZ0214017,Karlštejn - Koda,I,6199,Callimorpha quadripunctaria,2005,p
CZ0214017,Karlštejn - Koda,I,1083,Lucanus cervus,2005,p
CZ0214017,Karlštejn - Koda,M,1308,Barbastella barbastellus,2005,w
CZ0214017,Karlštejn - Koda,M,1324,Myotis myotis,2005,r
CZ0214017,Karlštejn - Koda,M,1324,Myotis myotis,2005,w
CZ0214017,Karlštejn - Koda,P,1689,Dracocephalum austriacum,2005,p
CZ0214017,Karlštejn - Koda,P,4068,Adenophora lilifolia,2005,p
CZ0214025,Údolí Plakánek,P,1421,Trichomanes speciosum,2005,p
CZ0214037,Kotýz,I,6199,Callimorpha quadripunctaria,2005,p
CZ0214039,Stroupínský potok,I,1093,Austropotamobius torrentium,2009,p
CZ0214039,Stroupínský potok,F,1163,Cottus gobio,2009,p
CZ0214040,Louky u Drahlína,I,6177,Maculinea teleius,2009,p
CZ0214040,Louky u Drahlína,I,6179,Maculinea nausithous,2009,p
CZ0214041,Niva Kotelského potoka,F,1096,Lampetra planeri,2009,p
CZ0214042,Padrťsko,I,1093,Austropotamobius torrentium,2009,p
CZ0214043,Niva Bělé u Klokočky,I,1016,Vertigo moulinsiana,2009,p
CZ0214043,Niva Bělé u Klokočky,P,1758,Ligularia sibirica,2009,p
CZ0214045,Prameny Klíčavy,P,6216,Drepanocladus vernicosus,2009,p
CZ0214046,Rybník Vidlák,P,1887,Coleanthus subtilis,2009,p
CZ0214050,Žehuňsko,I,1014,Vertigo angustior,2009,p
CZ0214050,Žehuňsko,I,1083,Lucanus cervus,2009,p
CZ0310163,Žofínský prales - Pivonické skály,P,1381,Dicranum viride,2009,p
CZ0312030,Čistá hora,P,4094,Gentianella bohemica,2005,p
CZ0312032,Háje,P,4094,Gentianella bohemica,2005,p
CZ0312033,Hroby,P,4094,Gentianella bohemica,2005,p
CZ0312034,Jaroškov,P,4094,Gentianella bohemica,2005,p
CZ0312035,Kladrubská hora,P,1902,Cypripedium calceolus,2005,p
CZ0312036,Kozlovská stráň,P,4094,Gentianella bohemica,2005,p
CZ0312038,Lomnický velký rybník,P,1887,Coleanthus subtilis,2005,p
CZ0312040,Malý Horusický rybník,P,1887,Coleanthus subtilis,2005,p
CZ0312045,Polná,P,4094,Gentianella bohemica,2005,p
CZ0312048,Štičí rybník,P,1887,Coleanthus subtilis,2005,p
CZ0312050,Úbislav,P,4094,Gentianella bohemica,2005,p
CZ0312226,Svatý Kříž,P,4094,Gentianella bohemica,2005,p
CZ0313004,Terčino údolí,I,6177,Maculinea teleius,2009,p
CZ0313092,Bedřichovský potok,F,1096,Lampetra planeri,2005,p
CZ0313094,Blatná,I,1084,Osmoderma eremita,2005,p
CZ0313096,Čábuze,I,6179,Maculinea nausithous,2005,p
CZ0313097,Cepská pískovna a okolí,A,1166,Triturus cristatus,2005,p
CZ0313098,Hliníř - Ponědrážka,A,1166,Triturus cristatus,2005,p
CZ0313099,Hlubocké hráze,I,1083,Lucanus cervus,2005,p
CZ0313099,Hlubocké hráze,I,1084,Osmoderma eremita,2016,p
CZ0313099,Hlubocké hráze,I,1088,Cerambyx cerdo,2005,p
CZ0313101,Krvavý a Kačležský rybník,F,1149,Cobitis taenia,2005,p
CZ0313101,Krvavý a Kačležský rybník,M,1355,Lutra lutra,2005,p
CZ0313103,Lom Skalka u Sepekova,A,1166,Triturus cristatus,2005,p
CZ0313106,Lužnice a Nežárka,I,1032,Unio crassus,2005,p
CZ0313106,Lužnice a Nežárka,I,1084,Osmoderma eremita,2005,p
CZ0313106,Lužnice a Nežárka,F,1145,Misgurnus fossilis,2005,p
CZ0313106,Lužnice a Nežárka,M,1355,Lutra lutra,2005,p
CZ0313110,Moravská Dyje,F,5339,Rhodeus sericeus amarus,2016,p
CZ0313110,Moravská Dyje,M,1355,Lutra lutra,2005,p
CZ0313113,Sokolí hnízdo a bažantnice,I,1084,Osmoderma eremita,2005,p
CZ0313114,Onšovice - Mlýny,I,6179,Maculinea nausithous,2005,p
CZ0313115,Boukal,A,1188,Bombina bombina,2005,p
CZ0313116,Radomilická mokřina,A,1188,Bombina bombina,2005,p
CZ0313119,Rašeliniště Radlice,I,1042,Leucorrhinia pectoralis,2005,p
CZ0313119,Rašeliniště Radlice,A,1166,Triturus cristatus,2005,p
CZ0313122,Štěkeň,I,1088,Cerambyx cerdo,2005,p
CZ0313123,Stropnice,I,6177,Maculinea teleius,2009,p
CZ0313123,Stropnice,M,1355,Lutra lutra,2005,p
CZ0313125,Tábor - Zahrádka,A,1188,Bombina bombina,2005,p
CZ0313128,Nadějská soustava,I,1084,Osmoderma eremita,2005,p
CZ0313128,Nadějská soustava,M,1355,Lutra lutra,2005,p
CZ0313129,Purkrabský rybník a Točník,I,1084,Osmoderma eremita,2005,p
CZ0313131,Třeboň,I,1084,Osmoderma eremita,2005,p
CZ0313131,Třeboň,I,1088,Cerambyx cerdo,2005,p
CZ0313134,Újezdec,A,1188,Bombina bombina,2005,p
CZ0313137,Veveřský potok,F,1096,Lampetra planeri,2005,p
CZ0313138,Vrbenské rybníky,I,1084,Osmoderma eremita,2005,p
CZ0313138,Vrbenské rybníky,A,1188,Bombina bombina,2005,p
CZ0313140,Závišínský potok,F,1163,Cottus gobio,2005,p
CZ0313141,Žofina Huť,I,6179,Maculinea nausithous,2005,p
CZ0313513,Rašeliniště Kapličky,I,1914,Carabus menetriesi pacholei,2005,p
CZ0313635,Kratochvíle - zámek,M,1324,Myotis myotis,2005,r
CZ0313805,Blanice,I,1029,Margaritifera margaritifera,2005,p
CZ0313805,Blanice,F,1163,Cottus gobio,2005,p
CZ0313815,Malý Bukač,A,1166,Triturus cristatus,2005,p
CZ0313820,Prachatice - kostel,M,1324,Myotis myotis,2005,r
CZ0313822,Koštěnický potok,I,1037,Ophiogomphus cecilia,2009,p
CZ0313824,Slavonické rybníky,I,1042,Leucorrhinia pectoralis,2016,p
CZ0314019,Velký a Malý Tisý,I,1084,Osmoderma eremita,2005,p
CZ0314019,Velký a Malý Tisý,M,1355,Lutra lutra,2005,p
CZ0314019,Velký a Malý Tisý,P,1887,Coleanthus subtilis,2005,p
CZ0314021,Borkovická blata,I,1042,Leucorrhinia pectoralis,2005,p
CZ0314022,Horní Malše,I,1029,Margaritifera margaritifera,2005,p
CZ0314022,Horní Malše,M,1355,Lutra lutra,2005,p
CZ0314023,Třeboňsko - střed,I,1037,Ophiogomphus cecilia,2005,p
CZ0314023,Třeboňsko - střed,I,1082,Graphoderus bilineatus,2005,p
CZ0314023,Třeboňsko - střed,I,1084,Osmoderma eremita,2005,p
CZ0314023,Třeboňsko - střed,I,1088,Cerambyx cerdo,2005,p
CZ0314023,Třeboňsko - střed,F,1145,Misgurnus fossilis,2005,p
CZ0314023,Třeboňsko - střed,F,1149,Cobitis taenia,2005,p
CZ0314023,Třeboňsko - střed,A,1188,Bombina bombina,2005,p
CZ0314023,Třeboňsko - střed,M,1355,Lutra lutra,2005,p
CZ0314023,Třeboňsko - střed,P,6216,Drepanocladus vernicosus,2005,p
CZ0314024,Šumava,I,1029,Margaritifera margaritifera,2005,p
CZ0314024,Šumava,F,1096,Lampetra planeri,2005,p
CZ0314024,Šumava,F,1163,Cottus gobio,2005,p
CZ0314024,Šumava,M,1303,Rhinolophus hipposideros,2005,p
CZ0314024,Šumava,M,1303,Rhinolophus hipposideros,2005,w
CZ0314024,Šumava,M,1324,Myotis myotis,2005,p
CZ0314024,Šumava,M,1355,Lutra lutra,2005,p
CZ0314024,Šumava,M,1361,Lynx lynx,2005,p
CZ0314024,Šumava,P,1386,Buxbaumia viridis,2016,p
CZ0314024,Šumava,P,6216,Drepanocladus vernicosus,2009,p
CZ0314024,Šumava,I,1914,Carabus menetriesi pacholei,2005,p
CZ0314024,Šumava,P,4094,Gentianella bohemica,2005,p
CZ0314044,Opolenec,P,4094,Gentianella bohemica,2005,p
CZ0314109,Ruda,P,6216,Drepanocladus vernicosus,2005,p
CZ0314109,Ruda,P,1903,Liparis loeselii,2005,p
CZ0314123,Boletice,I,1029,Margaritifera margaritifera,2005,p
CZ0314123,Boletice,I,6177,Maculinea teleius,2005,p
CZ0314123,Boletice,I,6179,Maculinea nausithous,2005,p
CZ0314123,Boletice,F,1163,Cottus gobio,2005,p
CZ0314123,Boletice,M,1361,Lynx lynx,2005,p
CZ0314123,Boletice,P,1758,Ligularia sibirica,2005,p
CZ0314123,Boletice,I,1914,Carabus menetriesi pacholei,2005,p
CZ0314124,Blanský les,I,1014,Vertigo angustior,2005,p
CZ0314124,Blanský les,I,6177,Maculinea teleius,2009,p
CZ0314124,Blanský les,I,6179,Maculinea nausithous,2009,p
CZ0314124,Blanský les,I,6199,Callimorpha quadripunctaria,2005,p
CZ0314124,Blanský les,F,1096,Lampetra planeri,2005,p
CZ0314124,Blanský les,F,1163,Cottus gobio,2005,p
CZ0314124,Blanský les,M,1324,Myotis myotis,2005,r
CZ0314124,Blanský les,M,1361,Lynx lynx,2005,p
CZ0314124,Blanský les,P,4094,Gentianella bohemica,2005,p
CZ0314126,Hlubocké obory,I,1079,Limoniscus violaceus,2009,p
CZ0314126,Hlubocké obory,I,1083,Lucanus cervus,2005,p
CZ0314126,Hlubocké obory,I,1084,Osmoderma eremita,2009,p
CZ0314126,Hlubocké obory,P,1381,Dicranum viride,2005,p
CZ0314126,Hlubocké obory,I,4026,Rhysodes sulcatus,2009,p
CZ0314634,Chýnovská jeskyně,M,1324,Myotis myotis,2005,w
CZ0314635,Mnišský rybník,P,1887,Coleanthus subtilis,2009,p
CZ0314636,Tejmlov - Nad Zavírkou,P,4094,Gentianella bohemica,2009,p
CZ0314637,Rašeliniště u Suchdola,P,6216,Drepanocladus vernicosus,2009,p
CZ0314638,Vosecký rybník,P,1887,Coleanthus subtilis,2009,p
CZ0314639,Rybníky u Lovětína,I,1042,Leucorrhinia pectoralis,2009,p
CZ0314639,Rybníky u Lovětína,A,1166,Triturus cristatus,2009,p
CZ0314640,Rybník Walden,P,1887,Coleanthus subtilis,2009,p
CZ0314641,Zlatý potok v Pošumaví,P,4094,Gentianella bohemica,2009,p
CZ0315002,Dolejší rybník,P,6216,Drepanocladus vernicosus,2005,p
CZ0315005,Řežabinec,P,6216,Drepanocladus vernicosus,2005,p
CZ0322055,Drahotínský les,P,4066,Asplenium adulterinum,2005,p
CZ0322057,Maňovický rybník,P,1887,Coleanthus subtilis,2005,p
CZ0322058,Pastviště u Fínů,P,4094,Gentianella bohemica,2005,p
CZ0322059,Pohorsko,P,4094,Gentianella bohemica,2005,p
CZ0322060,Vlkonice,P,4094,Gentianella bohemica,2005,p
CZ0323142,Berounka,F,1130,Aspius aspius,2005,p
CZ0323143,Blovice,A,1193,Bombina variegata,2005,p
CZ0323144,Bonětice,A,1166,Triturus cristatus,2005,p
CZ0323145,Bradava,I,1093,Austropotamobius torrentium,2005,p
CZ0323147,Darmyšl - pískovna,A,1166,Triturus cristatus,2005,p
CZ0323149,Kakejcov,A,1166,Triturus cristatus,2005,p
CZ0323150,Kamenec,I,6177,Maculinea teleius,2005,p
CZ0323150,Kamenec,I,6179,Maculinea nausithous,2005,p
CZ0323151,Kateřinský a Nivní potok,M,1337,Castor fiber,2005,p
CZ0323155,Lopata,I,1084,Osmoderma eremita,2005,p
CZ0323156,Mešenský potok,I,1093,Austropotamobius torrentium,2005,p
CZ0323158,Osek - rybník Labutinka,A,1188,Bombina bombina,2005,p
CZ0323159,Plzeň - Zábělá,I,1084,Osmoderma eremita,2005,p
CZ0323160,Pocinovice,A,1166,Triturus cristatus,2005,p
CZ0323161,Přešínský potok,I,1093,Austropotamobius torrentium,2005,p
CZ0323162,Přeštice - V Hlinkách,A,1193,Bombina variegata,2005,p
CZ0323163,Průhonský rybník,I,1014,Vertigo angustior,2005,p
CZ0323164,Rabí,I,1014,Vertigo angustior,2005,p
CZ0323165,Radbuza,F,1096,Lampetra planeri,2005,p
CZ0323166,Radbuza - Nový Dvůr - Pila,I,1093,Austropotamobius torrentium,2005,p
CZ0323167,Rokycany - vojenské cvičiště,A,1193,Bombina variegata,2005,p
CZ0323169,Stříbro - vojenské cvičiště,A,1166,Triturus cristatus,2009,p
CZ0323169,Stříbro - vojenské cvičiště,A,1193,Bombina variegata,2005,p
CZ0323170,Zlatý potok,I,1093,Austropotamobius torrentium,2005,p
CZ0323478,Třebýcinka u Bezděkova,A,1193,Bombina variegata,2005,p
CZ0323636,Dolany - kostel,M,1324,Myotis myotis,2005,r
CZ0323637,Štola Rohatiny I,M,1324,Myotis myotis,2005,w
CZ0323638,Jeskyně Inků,M,1308,Barbastella barbastellus,2005,w
CZ0323639,Liblín - lihovar,M,1324,Myotis myotis,2005,w
CZ0323640,Manětín - kostel,M,1324,Myotis myotis,2005,r
CZ0323641,Předslav - kostel,M,1324,Myotis myotis,2005,r
CZ0323642,Radnice - kostel,M,1324,Myotis myotis,2005,r
CZ0323644,Štola Loreta,M,1324,Myotis myotis,2005,w
CZ0323645,Štola Věra,M,1324,Myotis myotis,2005,w
CZ0323646,Stříbro - štoly Dlouhý tah,M,1308,Barbastella barbastellus,2005,w
CZ0323647,Všeruby - kostel,M,1324,Myotis myotis,2005,r
CZ0323648,Žihobce - zámek,M,1303,Rhinolophus hipposideros,2005,r
CZ0323812,Klabava,F,1163,Cottus gobio,2005,p
CZ0323824,Ostružná,F,1096,Lampetra planeri,2005,p
CZ0323825,Hadovka,F,1163,Cottus gobio,2009,p
CZ0323826,Dobřany,A,1193,Bombina variegata,2016,p
CZ0324025,Kaňon Střely,I,6199,Callimorpha quadripunctaria,2005,p
CZ0324026,Niva Nemanického potoka,F,1096,Lampetra planeri,2009,p
CZ0325001,Hrádecká bahna,P,6216,Drepanocladus vernicosus,2009,p
CZ0325002,Hůrky,P,6216,Drepanocladus vernicosus,2009,p
CZ0325003,Netřeb,P,1381,Dicranum viride,2016,p
CZ0410150,Soos,I,1065,Euphydryas aurinia,2009,p
CZ0412065,Medvědí rozhledy,P,2071,Cerastium alsinifolium,2005,p
CZ0412065,Medvědí rozhledy,P,4066,Asplenium adulterinum,2005,p
CZ0412069,Pramenské pastviny,P,2071,Cerastium alsinifolium,2005,p
CZ0412069,Pramenské pastviny,P,4066,Asplenium adulterinum,2005,p
CZ0412069,Pramenské pastviny,P,4113,Galium sudeticum,2005,p
CZ0412070,Raušenbašská lada,P,2071,Cerastium alsinifolium,2005,p
CZ0412070,Raušenbašská lada,P,4066,Asplenium adulterinum,2005,p
CZ0412070,Raušenbašská lada,P,4113,Galium sudeticum,2005,p
CZ0412071,Skalka pod Tisovým vrchem,P,4066,Asplenium adulterinum,2005,p
CZ0413007,Prachomety,I,1065,Euphydryas aurinia,2009,p
CZ0413008,Prameny Teplé,I,1065,Euphydryas aurinia,2009,p
CZ0413009,Rankovický triangl,I,1065,Euphydryas aurinia,2009,p
CZ0413013,Mokřady u Těšetic,I,1065,Euphydryas aurinia,2009,p
CZ0413014,Hřivínovské pastviny,I,1065,Euphydryas aurinia,2009,p
CZ0413015,Louky u Dlouhé Lomnice,I,1065,Euphydryas aurinia,2009,p
CZ0413017,U Jedlové,I,1065,Euphydryas aurinia,2009,p
CZ0413018,U hájenky,I,1065,Euphydryas aurinia,2009,p
CZ0413173,Za Údrčí,I,1065,Euphydryas aurinia,2005,p
CZ0413174,Borecké rybníky,A,1166,Triturus cristatus,2005,p
CZ0413177,Bystřina - Lužní potok,I,1029,Margaritifera margaritifera,2005,p
CZ0413177,Bystřina - Lužní potok,I,1065,Euphydryas aurinia,2005,p
CZ0413177,Bystřina - Lužní potok,F,1096,Lampetra planeri,2009,p
CZ0413179,Podhorní louky,I,1065,Euphydryas aurinia,2005,p
CZ0413180,Horní Kramolín - Ovesné,I,1065,Euphydryas aurinia,2005,p
CZ0413181,Mokřady u Javorné,I,1065,Euphydryas aurinia,2005,p
CZ0413182,U bunkru,I,1065,Euphydryas aurinia,2005,p
CZ0413184,Pískovna Erika,A,1166,Triturus cristatus,2005,p
CZ0413185,Matyáš,A,1166,Triturus cristatus,2005,p
CZ0413187,Mezi rybníky,I,1065,Euphydryas aurinia,2005,p
CZ0413188,Olšová vrata,M,1335,Spermophilus citellus,2005,p
CZ0413190,Ostrovské rybníky,A,1166,Triturus cristatus,2005,p
CZ0413191,Na Pilské šachtě,I,1065,Euphydryas aurinia,2005,p
CZ0413193,U sedmi rybníků,A,1166,Triturus cristatus,2005,p
CZ0413194,Střela,F,1096,Lampetra planeri,2005,p
CZ0413195,Teplá s přítoky a Otročínský potok,F,1163,Cottus gobio,2005,p
CZ0413196,Týniště,A,1188,Bombina bombina,2005,p
CZ0414026,Úpolínová louka - Křížky,I,1065,Euphydryas aurinia,2009,p
CZ0414026,Úpolínová louka - Křížky,P,2071,Cerastium alsinifolium,2005,p
CZ0414026,Úpolínová louka - Křížky,P,4066,Asplenium adulterinum,2005,p
CZ0414026,Úpolínová louka - Křížky,P,4113,Galium sudeticum,2005,p
CZ0414027,Lomnický rybník,I,1065,Euphydryas aurinia,2005,p
CZ0414110,Krušnohorské plató,M,1324,Myotis myotis,2009,c
CZ0414110,Krušnohorské plató,M,1324,Myotis myotis,2009,w
CZ0414110,Krušnohorské plató,I,1914,Carabus menetriesi pacholei,2005,p
CZ0414127,Hradiště,I,6179,Maculinea nausithous,2005,p
CZ0414127,Hradiště,I,1065,Euphydryas aurinia,2005,p
CZ0414127,Hradiště,F,1106,Salmo salar,2005,p
CZ0414127,Hradiště,A,1166,Triturus cristatus,2009,p
CZ0414127,Hradiště,A,1188,Bombina bombina,2005,p
CZ0414127,Hradiště,P,1477,Pulsatilla patens,2005,p
CZ0420144,Novodomské a polské rašeliniště,P,1387,Orthotrichum rogeri,2016,p
CZ0420144,Novodomské a polské rašeliniště,P,1887,Coleanthus subtilis,2009,p
CZ0420166,Velký rybník,I,1042,Leucorrhinia pectoralis,2016,p
CZ0422075,Borečský vrch,P,1477,Pulsatilla patens,2005,p
CZ0422077,Kleneč,P,4073,Dianthus arenarius subsp. bohemicus,2005,p
CZ0422079,Královomlýnský rybník,P,1831,Luronium natans,2005,p
CZ0422081,Na spáleništi,P,1902,Cypripedium calceolus,2005,p
CZ0422085,Soběchlebské terasy,P,1902,Cypripedium calceolus,2005,p
CZ0422087,V kuksu,P,1902,Cypripedium calceolus,2005,p
CZ0423001,Huníkovský potok,I,1093,Austropotamobius torrentium,2009,p
CZ0423006,Nebeský rybníček u Veselí,A,1166,Triturus cristatus,2009,p
CZ0423198,Bezejmenný přítok Trojhorského potoka,I,1093,Austropotamobius torrentium,2005,p
CZ0423201,Blšanský chlum,I,6199,Callimorpha quadripunctaria,2005,p
CZ0423202,Březina,A,1166,Triturus cristatus,2016,p
CZ0423203,Černovice,I,1083,Lucanus cervus,2005,p
CZ0423206,Dobrná,A,1166,Triturus cristatus,2005,p
CZ0423210,Doubravka,I,1084,Osmoderma eremita,2005,p
CZ0423211,Háj u Oseka,A,1188,Bombina bombina,2005,p
CZ0423212,Hořenec - Číčov,I,6199,Callimorpha quadripunctaria,2005,p
CZ0423213,Chomutov - zoopark,I,1083,Lucanus cervus,2005,p
CZ0423213,Chomutov - zoopark,I,1084,Osmoderma eremita,2005,p
CZ0423215,Kateřina - mokřad,A,1188,Bombina bombina,2005,p
CZ0423216,Kopistská výsypka,A,1166,Triturus cristatus,2005,p
CZ0423216,Kopistská výsypka,A,1188,Bombina bombina,2016,p
CZ0423217,Krásný Dvůr,I,1084,Osmoderma eremita,2005,p
CZ0423219,Luční potok - Třebušín,I,1093,Austropotamobius torrentium,2005,p
CZ0423223,Petrohrad,I,1084,Osmoderma eremita,2005,p
CZ0423224,Ploskovice,I,1084,Osmoderma eremita,2005,p
CZ0423225,Radobýl,I,6199,Callimorpha quadripunctaria,2005,p
CZ0423225,Radobýl,I,4055,Stenobothrus eurasius,2005,p
CZ0423227,Sinutec - Dlouhý kopec,I,6199,Callimorpha quadripunctaria,2005,p
CZ0423228,Strádovský rybník,A,1188,Bombina bombina,2005,p
CZ0423229,Údlické Doubí,I,1083,Lucanus cervus,2005,p
CZ0423232,Vrch Hazmburk,I,6199,Callimorpha quadripunctaria,2005,p
CZ0423232,Vrch Hazmburk,I,4055,Stenobothrus eurasius,2005,p
CZ0423233,Vrch Milá,I,4055,Stenobothrus eurasius,2005,p
CZ0423236,Všechlapy - Kamýk,I,6199,Callimorpha quadripunctaria,2005,p
CZ0423507,Horní Kamenice,F,1106,Salmo salar,2005,p
CZ0423507,Horní Kamenice,M,1355,Lutra lutra,2005,p
CZ0423510,Ohře,I,1032,Unio crassus,2005,p
CZ0423510,Ohře,F,1106,Salmo salar,2005,p
CZ0423510,Ohře,F,1130,Aspius aspius,2005,p
CZ0423651,Držovice - rodinný dům,M,1324,Myotis myotis,2005,r
CZ0423652,Chřibská - kostel,M,1324,Myotis myotis,2005,r
CZ0423653,Jílové u Děčína - škola,M,1324,Myotis myotis,2005,r
CZ0423654,Lobendava - kostel,M,1324,Myotis myotis,2005,r
CZ0423656,Úštěk - kostel,M,1324,Myotis myotis,2005,r
CZ0423659,Světlík,I,1042,Leucorrhinia pectoralis,2016,p
CZ0423660,Pražská pole,I,1042,Leucorrhinia pectoralis,2016,p
CZ0423660,Pražská pole,A,1166,Triturus cristatus,2016,p
CZ0423660,Pražská pole,A,1188,Bombina bombina,2016,p
CZ0424030,Bezručovo údolí,I,6177,Maculinea teleius,2009,p
CZ0424030,Bezručovo údolí,I,6179,Maculinea nausithous,2005,p
CZ0424030,Bezručovo údolí,P,1477,Pulsatilla patens,2005,p
CZ0424031,České Švýcarsko,F,1096,Lampetra planeri,2016,p
CZ0424031,České Švýcarsko,F,1106,Salmo salar,2005,p
CZ0424031,České Švýcarsko,M,1355,Lutra lutra,2005,p
CZ0424031,České Švýcarsko,P,1421,Trichomanes speciosum,2009,p
CZ0424033,Raná - Hrádek,M,1335,Spermophilus citellus,2005,p
CZ0424033,Raná - Hrádek,I,4055,Stenobothrus eurasius,2005,p
CZ0424034,Babinské louky,P,4068,Adenophora lilifolia,2005,p
CZ0424036,Běšický chochol,I,1083,Lucanus cervus,2005,p
CZ0424037,Lovoš,I,6199,Callimorpha quadripunctaria,2005,p
CZ0424038,Holý vrch u Hlinné,P,1477,Pulsatilla patens,2005,p
CZ0424039,Oblík - Srdov - Brník,I,6199,Callimorpha quadripunctaria,2005,p
CZ0424039,Oblík - Srdov - Brník,I,4055,Stenobothrus eurasius,2005,p
CZ0424039,Oblík - Srdov - Brník,P,4095,Stipa zalesskii,2005,p
CZ0424111,Labské údolí,F,1106,Salmo salar,2005,p
CZ0424111,Labské údolí,M,1337,Castor fiber,2005,p
CZ0424111,Labské údolí,M,1355,Lutra lutra,2005,p
CZ0424111,Labské údolí,P,1831,Luronium natans,2005,p
CZ0424125,Doupovské hory,I,1065,Euphydryas aurinia,2005,p
CZ0424125,Doupovské hory,F,1106,Salmo salar,2005,p
CZ0424125,Doupovské hory,A,1166,Triturus cristatus,2005,p
CZ0424125,Doupovské hory,A,1188,Bombina bombina,2005,p
CZ0424125,Doupovské hory,M,1308,Barbastella barbastellus,2005,p
CZ0424125,Doupovské hory,M,1324,Myotis myotis,2005,p
CZ0424125,Doupovské hory,P,1477,Pulsatilla patens,2005,p
CZ0424127,Východní Krušnohoří,I,6177,Maculinea teleius,2009,p
CZ0424127,Východní Krušnohoří,I,6179,Maculinea nausithous,2009,p
CZ0424127,Východní Krušnohoří,I,1079,Limoniscus violaceus,2009,p
CZ0424129,Bílé stráně u Litoměřic,I,6199,Callimorpha quadripunctaria,2009,p
CZ0424129,Bílé stráně u Litoměřic,P,1902,Cypripedium calceolus,2009,p
CZ0424138,Pístecký les,I,1086,Cucujus cinnaberinus,2016,p
CZ0424139,Dobříňský háj,I,1086,Cucujus cinnaberinus,2016,p
CZ0424140,Loužek,I,1086,Cucujus cinnaberinus,2016,p
CZ0424141,Porta Bohemica,F,1106,Salmo salar,2016,p
CZ0424141,Porta Bohemica,M,1337,Castor fiber,2016,p
CZ0512100,Roverské skály,P,1421,Trichomanes speciosum,2005,p
CZ0513237,Česká Lípa - mokřad v nivě Šporky,A,1188,Bombina bombina,2005,p
CZ0513238,Cihelenské rybníky,A,1188,Bombina bombina,2005,p
CZ0513240,Janovické rybníky,I,1042,Leucorrhinia pectoralis,2005,p
CZ0513244,Manušické rybníky,A,1188,Bombina bombina,2005,p
CZ0513249,Prácheň - Zicht,A,1166,Triturus cristatus,2005,p
CZ0513251,Rokytka,F,1163,Cottus gobio,2005,p
CZ0513254,Luční potok,F,1096,Lampetra planeri,2005,p
CZ0513255,Slatinné vrchy,I,1087,Rosalia alpina,2005,p
CZ0513256,Smědá,I,1037,Ophiogomphus cecilia,2005,p
CZ0513256,Smědá,F,1096,Lampetra planeri,2009,p
CZ0513256,Smědá,F,1163,Cottus gobio,2005,p
CZ0513257,Stružnické rybníky,A,1188,Bombina bombina,2005,p
CZ0513505,Dolní Ploučnice,F,1106,Salmo salar,2005,p
CZ0513505,Dolní Ploučnice,A,1188,Bombina bombina,2005,p
CZ0513505,Dolní Ploučnice,M,1355,Lutra lutra,2005,p
CZ0513506,Horní Ploučnice,I,1016,Vertigo moulinsiana,2009,p
CZ0513506,Horní Ploučnice,I,1037,Ophiogomphus cecilia,2005,p
CZ0513506,Horní Ploučnice,I,6177,Maculinea teleius,2005,p
CZ0513506,Horní Ploučnice,I,6179,Maculinea nausithous,2005,p
CZ0513506,Horní Ploučnice,I,6199,Callimorpha quadripunctaria,2005,p
CZ0513506,Horní Ploučnice,F,1106,Salmo salar,2005,p
CZ0513506,Horní Ploučnice,M,1355,Lutra lutra,2005,p
CZ0513508,Zahrádky,I,1084,Osmoderma eremita,2005,p
CZ0513509,Svitavka,F,1096,Lampetra planeri,2005,p
CZ0513657,Bílá Desná - kanál protržené přehrady,M,1324,Myotis myotis,2005,w
CZ0513658,Český Dub - základní umělecká škola,M,1324,Myotis myotis,2005,r
CZ0513659,Doksy - zámek,M,1324,Myotis myotis,2005,r
CZ0513662,Lemberk - zámek,M,1303,Rhinolophus hipposideros,2005,r
CZ0513663,Podhájí - chalupa,M,1303,Rhinolophus hipposideros,2005,r
CZ0513665,Skalice u České Lípy,M,1324,Myotis myotis,2005,w
CZ0513666,Jeskyně Sklepy pod Troskami,M,1303,Rhinolophus hipposideros,2005,w
CZ0513668,Zdislava - kostel,M,1324,Myotis myotis,2005,r
CZ0514041,Suchý vrch - Naděje,M,1308,Barbastella barbastellus,2005,p
CZ0514041,Suchý vrch - Naděje,M,1323,Myotis bechsteinii,2005,p
CZ0514042,Jestřebsko - Dokesko,I,1016,Vertigo moulinsiana,2009,p
CZ0514042,Jestřebsko - Dokesko,I,1042,Leucorrhinia pectoralis,2005,p
CZ0514042,Jestřebsko - Dokesko,I,1084,Osmoderma eremita,2005,p
CZ0514042,Jestřebsko - Dokesko,I,1087,Rosalia alpina,2005,p
CZ0514042,Jestřebsko - Dokesko,P,6216,Drepanocladus vernicosus,2005,p
CZ0514042,Jestřebsko - Dokesko,P,1421,Trichomanes speciosum,2005,p
CZ0514042,Jestřebsko - Dokesko,P,1477,Pulsatilla patens,2005,p
CZ0514042,Jestřebsko - Dokesko,P,1758,Ligularia sibirica,2005,p
CZ0514042,Jestřebsko - Dokesko,P,1903,Liparis loeselii,2005,p
CZ0514113,Podtrosecká údolí,I,6179,Maculinea nausithous,2005,p
CZ0514113,Podtrosecká údolí,F,1149,Cobitis taenia,2005,p
CZ0514113,Podtrosecká údolí,M,1303,Rhinolophus hipposideros,2005,w
CZ0514113,Podtrosecká údolí,P,6216,Drepanocladus vernicosus,2005,p
CZ0514113,Podtrosecká údolí,P,1421,Trichomanes speciosum,2005,p
CZ0514113,Podtrosecká údolí,P,1903,Liparis loeselii,2005,p
CZ0514243,Velký a Malý Bezděz,I,1087,Rosalia alpina,2005,p
CZ0514243,Velký a Malý Bezděz,M,1323,Myotis bechsteinii,2009,p
CZ0514667,Západní jeskyně,M,1303,Rhinolophus hipposideros,2005,w
CZ0514668,Vápenice - Basa,M,1308,Barbastella barbastellus,2009,p
CZ0514668,Vápenice - Basa,M,1323,Myotis bechsteinii,2009,p
CZ0514669,Poselský a Mariánský rybník,I,1016,Vertigo moulinsiana,2009,p
CZ0514669,Poselský a Mariánský rybník,I,1042,Leucorrhinia pectoralis,2009,p
CZ0514670,Ronov - Vlhošť,I,1014,Vertigo angustior,2009,p
CZ0514670,Ronov - Vlhošť,I,6177,Maculinea teleius,2009,p
CZ0514670,Ronov - Vlhošť,I,6179,Maculinea nausithous,2009,p
CZ0514672,Údolí Jizery a Kamenice,F,1163,Cottus gobio,2009,p
CZ0515001,Červený rybník,P,6216,Drepanocladus vernicosus,2009,p
CZ0520178,Březinka,A,1166,Triturus cristatus,2005,p
CZ0522002,Hustířanský les,P,1902,Cypripedium calceolus,2009,p
CZ0522127,Vražba,P,4068,Adenophora lilifolia,2005,p
CZ0522129,Zadní Machová,P,1902,Cypripedium calceolus,2005,p
CZ0523002,Hluboký Kovač,A,1188,Bombina bombina,2009,p
CZ0523003,Rybník Strašidlo,A,1188,Bombina bombina,2009,p
CZ0523005,Tuří rybník,A,1188,Bombina bombina,2009,p
CZ0523006,Piletický a Librantický potok,I,4045,Coenagrion ornatum,2009,p
CZ0523007,Dědina u Dobrušky,F,1096,Lampetra planeri,2009,p
CZ0523007,Dědina u Dobrušky,F,1163,Cottus gobio,2009,p
CZ0523009,Zámek v Kostelci nad Orlicí,M,1303,Rhinolophus hipposideros,2009,r
CZ0523009,Zámek v Kostelci nad Orlicí,M,1303,Rhinolophus hipposideros,2009,w
CZ0523010,Na Plachtě,I,1042,Leucorrhinia pectoralis,2009,p
CZ0523010,Na Plachtě,I,6177,Maculinea teleius,2009,p
CZ0523010,Na Plachtě,A,1166,Triturus cristatus,2009,p
CZ0523011,Pod Rýzmburkem,A,1166,Triturus cristatus,2009,p
CZ0523014,Vladivostok,I,6177,Maculinea teleius,2009,p
CZ0523014,Vladivostok,I,6179,Maculinea nausithous,2009,p
CZ0523264,Bystřice,I,1032,Unio crassus,2005,p
CZ0523265,Červená Třemešná - rybník,A,1188,Bombina bombina,2005,p
CZ0523266,Slatinná louka u Roudničky,I,1014,Vertigo angustior,2005,p
CZ0523267,Zaorlicko,F,1163,Cottus gobio,2005,p
CZ0523268,Dubno - Česká Skalice,A,1188,Bombina bombina,2005,p
CZ0523273,Javorka a Cidlina - Sběř,I,1032,Unio crassus,2005,p
CZ0523273,Javorka a Cidlina - Sběř,I,6179,Maculinea nausithous,2005,p
CZ0523274,Libosad - obora,I,1084,Osmoderma eremita,2005,p
CZ0523275,Kačerov,I,6177,Maculinea teleius,2005,p
CZ0523275,Kačerov,I,6179,Maculinea nausithous,2005,p
CZ0523276,Kanice - lesní rybník,A,1166,Triturus cristatus,2005,p
CZ0523277,Labe - Hostinné,F,1163,Cottus gobio,2005,p
CZ0523279,Lukavecký potok,I,1032,Unio crassus,2005,p
CZ0523280,Metuje a Dřevíč,F,1096,Lampetra planeri,2005,p
CZ0523282,Nadslav,A,1188,Bombina bombina,2005,p
CZ0523283,Olešnice,I,1083,Lucanus cervus,2005,p
CZ0523284,Opočno,I,1083,Lucanus cervus,2005,p
CZ0523284,Opočno,I,1084,Osmoderma eremita,2005,p
CZ0523286,Rybník Smrkovák,A,1188,Bombina bombina,2005,p
CZ0523287,Rybník Spáleniště,A,1166,Triturus cristatus,2005,p
CZ0523288,Stará Metuje,I,1037,Ophiogomphus cecilia,2005,p
CZ0523290,Týnišťské Poorličí,I,1084,Osmoderma eremita,2005,p
CZ0523291,Uhřínov - Benátky,I,6179,Maculinea nausithous,2005,p
CZ0523293,Víno,I,1083,Lucanus cervus,2005,p
CZ0523669,Bílá Třemešná,M,1308,Barbastella barbastellus,2005,w
CZ0523675,Jičíněves - zámek,M,1303,Rhinolophus hipposideros,2005,r
CZ0523676,Josefov - pevnost,M,1303,Rhinolophus hipposideros,2005,w
CZ0523677,Kost,M,1303,Rhinolophus hipposideros,2005,r
CZ0523677,Kost,M,1303,Rhinolophus hipposideros,2005,w
CZ0523680,Pevnost Dobrošov,M,1303,Rhinolophus hipposideros,2005,w
CZ0523680,Pevnost Dobrošov,M,1321,Myotis emarginatus,2005,w
CZ0523680,Pevnost Dobrošov,M,1324,Myotis myotis,2005,w
CZ0523682,Staré Hrady - zámek,M,1303,Rhinolophus hipposideros,2005,r
CZ0523683,Štola Portál,M,1308,Barbastella barbastellus,2005,w
CZ0523683,Štola Portál,M,1324,Myotis myotis,2005,w
CZ0523823,Luční potok v Podkrkonoší,I,1093,Austropotamobius torrentium,2005,p
CZ0523824,Běleč - střelnice,I,1042,Leucorrhinia pectoralis,2016,p
CZ0524044,Krkonoše,F,1163,Cottus gobio,2005,p
CZ0524044,Krkonoše,P,2217,Pedicularis sudetica,2005,p
CZ0524044,Krkonoše,P,4069,Campanula bohemica,2005,p
CZ0524044,Krkonoše,P,4094,Gentianella bohemica,2005,p
CZ0524044,Krkonoše,P,4113,Galium sudeticum,2005,p
CZ0524045,Zbytka,A,1188,Bombina bombina,2005,p
CZ0524046,Orlické hory - sever,P,4094,Gentianella bohemica,2005,p
CZ0524047,Peklo,P,1386,Buxbaumia viridis,2005,p
CZ0524048,Byšičky,A,1188,Bombina bombina,2005,p
CZ0524048,Byšičky,P,1903,Liparis loeselii,2005,p
CZ0524049,Orlice a Labe,I,1037,Ophiogomphus cecilia,2005,p
CZ0524049,Orlice a Labe,F,1130,Aspius aspius,2005,p
CZ0524049,Orlice a Labe,M,1355,Lutra lutra,2005,p
CZ0524050,Halín,A,1188,Bombina bombina,2009,p
CZ0524050,Halín,P,1902,Cypripedium calceolus,2009,p
CZ0525001,Bažiny,P,6216,Drepanocladus vernicosus,2009,p
CZ0525002,Řeřišný u Machova,P,6216,Drepanocladus vernicosus,2009,p
CZ0532131,U Banínského viaduktu,P,1902,Cypripedium calceolus,2005,p
CZ0532132,Střemošická stráň,P,1902,Cypripedium calceolus,2005,p
CZ0533002,Malá Straka,A,1188,Bombina bombina,2009,p
CZ0533005,U Pohránovského rybníka,I,1086,Cucujus cinnaberinus,2009,p
CZ0533012,Michnovka-Pravy,A,1166,Triturus cristatus,2009,p
CZ0533295,Běstvina,I,1084,Osmoderma eremita,2005,p
CZ0533296,Boušovka,I,1042,Leucorrhinia pectoralis,2005,p
CZ0533297,Buky u Vysokého Chvojna,I,1084,Osmoderma eremita,2005,p
CZ0533300,Heřmanův Městec,I,1084,Osmoderma eremita,2005,p
CZ0533301,Údolí Chrudimky,F,1096,Lampetra planeri,2005,p
CZ0533302,Choltická obora,I,1084,Osmoderma eremita,2005,p
CZ0533302,Choltická obora,A,1188,Bombina bombina,2005,p
CZ0533303,Chrudimka,M,1355,Lutra lutra,2005,p
CZ0533307,Kunětická hora,I,1084,Osmoderma eremita,2005,p
CZ0533308,Bohdanečský rybník,I,1042,Leucorrhinia pectoralis,2005,p
CZ0533308,Bohdanečský rybník,I,6179,Maculinea nausithous,2005,p
CZ0533308,Bohdanečský rybník,I,1086,Cucujus cinnaberinus,2009,p
CZ0533308,Bohdanečský rybník,A,1188,Bombina bombina,2005,p
CZ0533309,Pardubice - zámek,I,1084,Osmoderma eremita,2005,p
CZ0533310,Hluboký rybník,I,1084,Osmoderma eremita,2005,p
CZ0533312,Rybník Moře,A,1188,Bombina bombina,2005,p
CZ0533314,Tichá Orlice,F,1096,Lampetra planeri,2005,p
CZ0533316,Uhersko,I,1086,Cucujus cinnaberinus,2005,p
CZ0533501,Slavická obora,I,1084,Osmoderma eremita,2005,p
CZ0533684,Běstvina - krypta,M,1303,Rhinolophus hipposideros,2005,w
CZ0533685,Borová u Poličky,M,1303,Rhinolophus hipposideros,2005,r
CZ0533686,Bouda u Těchonína,M,1308,Barbastella barbastellus,2005,w
CZ0533686,Bouda u Těchonína,M,1324,Myotis myotis,2005,w
CZ0533687,Jeskyně Bětník,M,1303,Rhinolophus hipposideros,2005,w
CZ0533688,Jeskyně u Horního Újezda,M,1303,Rhinolophus hipposideros,2005,w
CZ0533691,Pařížov,M,1308,Barbastella barbastellus,2005,w
CZ0533693,Podolská a Páterova jeskyně,M,1303,Rhinolophus hipposideros,2005,w
CZ0533693,Podolská a Páterova jeskyně,M,1321,Myotis emarginatus,2005,w
CZ0533694,Vranová Lhota,M,1324,Myotis myotis,2005,r
CZ0533696,Kochánovické rybníky a tůně,A,1166,Triturus cristatus,2016,p
CZ0533696,Kochánovické rybníky a tůně,A,1188,Bombina bombina,2016,p
CZ0533697,Rybník Strach,A,1188,Bombina bombina,2016,p
CZ0533698,Kladruby nad Labem,I,1084,Osmoderma eremita,2016,p
CZ0533698,Kladruby nad Labem,I,1086,Cucujus cinnaberinus,2016,p
CZ0533702,Louky v Jeníkově,I,1013,Vertigo geyeri,2016,p
CZ0534050,Černý Nadýmač,P,1887,Coleanthus subtilis,2005,p
CZ0534051,Anenské údolí,I,6179,Maculinea nausithous,2005,p
CZ0534052,Dolní Chrudimka,I,1037,Ophiogomphus cecilia,2009,p
CZ0534053,Krkanka-Strádovské peklo,F,1163,Cottus gobio,2009,p
CZ0534054,Hubský-Strádovka,P,6216,Drepanocladus vernicosus,2009,p
CZ0534055,Ratajské rybníky,I,1013,Vertigo geyeri,2016,p
CZ0534055,Ratajské rybníky,I,6177,Maculinea teleius,2009,p
CZ0534055,Ratajské rybníky,I,6179,Maculinea nausithous,2009,p
CZ0534055,Ratajské rybníky,P,6216,Drepanocladus vernicosus,2013,p
CZ0610159,Velký Špičák,P,1381,Dicranum viride,2009,p
CZ0610401,Žákova hora,P,1381,Dicranum viride,2009,p
CZ0612133,Dědkovo,P,1902,Cypripedium calceolus,2005,p
CZ0612134,Dolní rybník u Újezda,P,1887,Coleanthus subtilis,2005,p
CZ0612135,Hodíškovský rybník,P,1887,Coleanthus subtilis,2005,p
CZ0612136,Kobylinec,P,2093,Pulsatilla grandis,2005,p
CZ0612137,Obecník,P,1887,Coleanthus subtilis,2005,p
CZ0612139,Pod Kamenným vrchem,P,1887,Coleanthus subtilis,2005,p
CZ0612140,Podvesník,P,1887,Coleanthus subtilis,2005,p
CZ0612141,Ptáčovský kopeček,P,2093,Pulsatilla grandis,2005,p
CZ0612143,Rybník u Zadního Zhořce,P,1887,Coleanthus subtilis,2005,p
CZ0612145,Rychtářský rybník,P,1887,Coleanthus subtilis,2005,p
CZ0612147,Špilberk,P,2093,Pulsatilla grandis,2005,p
CZ0612149,Suché skály,P,4076,Dianthus moravicus,2005,p
CZ0613002,Roštejnská obora,M,1308,Barbastella barbastellus,2009,p
CZ0613003,Maršovec a Čepička,A,1188,Bombina bombina,2009,p
CZ0613004,Břevnický potok,F,1163,Cottus gobio,2009,p
CZ0613005,Martinický potok,F,1163,Cottus gobio,2009,p
CZ0613009,Niva Fryšávky,I,6179,Maculinea nausithous,2009,p
CZ0613010,Údolí Svratky u Krásného,I,6179,Maculinea nausithous,2009,p
CZ0613012,Na Ostrážné,I,6179,Maculinea nausithous,2009,p
CZ0613013,Šilhánky,A,1188,Bombina bombina,2009,p
CZ0613318,Babínský rybník,I,1042,Leucorrhinia pectoralis,2005,p
CZ0613319,Ficků rybník,A,1166,Triturus cristatus,2005,p
CZ0613321,Jankovský potok,M,1355,Lutra lutra,2005,p
CZ0613322,Koupaliště u Bohuslavic,A,1166,Triturus cristatus,2005,p
CZ0613327,Nová Říše,F,1149,Cobitis taenia,2005,p
CZ0613328,Rašelinné jezírko Rosička,A,1166,Triturus cristatus,2005,p
CZ0613332,Šlapanka a Zlatý potok,M,1355,Lutra lutra,2005,p
CZ0613333,Staviště,F,1163,Cottus gobio,2005,p
CZ0613334,Trnava,M,1355,Lutra lutra,2005,p
CZ0613335,U Borovné,A,1188,Bombina bombina,2005,p
CZ0613336,V Kopaninách,A,1188,Bombina bombina,2005,p
CZ0613338,Vetelské rybníky,A,1188,Bombina bombina,2005,p
CZ0613695,Biskupice - kostel,M,1324,Myotis myotis,2005,r
CZ0613696,Biskupice - škola,M,1324,Myotis myotis,2005,r
CZ0613698,Jeřišno-Heřmaň,M,1324,Myotis myotis,2005,r
CZ0613699,Náměšť nad Oslavou - zámeček,M,1321,Myotis emarginatus,2005,r
CZ0613700,Žďár nad Sázavou - garáže,M,1321,Myotis emarginatus,2005,r
CZ0613809,Dívka,A,1188,Bombina bombina,2005,p
CZ0613816,Náměšťská obora,I,1079,Limoniscus violaceus,2005,p
CZ0613816,Náměšťská obora,I,1084,Osmoderma eremita,2005,p
CZ0613816,Náměšťská obora,I,1088,Cerambyx cerdo,2005,p
CZ0614052,Rybníky u Rudolce,A,1188,Bombina bombina,2005,p
CZ0614052,Rybníky u Rudolce,P,1887,Coleanthus subtilis,2005,p
CZ0614053,Dářská rašeliniště,I,1042,Leucorrhinia pectoralis,2005,p
CZ0614054,Na Oklice,I,1013,Vertigo geyeri,2016,p
CZ0614054,Na Oklice,P,6216,Drepanocladus vernicosus,2005,p
CZ0614056,V Lisovech,I,1013,Vertigo geyeri,2016,p
CZ0614056,V Lisovech,P,6216,Drepanocladus vernicosus,2005,p
CZ0614057,Znětínské rybníky,A,1188,Bombina bombina,2005,p
CZ0614057,Znětínské rybníky,P,1887,Coleanthus subtilis,2005,p
CZ0614058,Rybníky V Pouštích,A,1188,Bombina bombina,2005,p
CZ0614058,Rybníky V Pouštích,P,1887,Coleanthus subtilis,2005,p
CZ0614059,Štíří důl - Řeka,I,1013,Vertigo geyeri,2016,p
CZ0614059,Štíří důl - Řeka,P,1386,Buxbaumia viridis,2005,p
CZ0614059,Štíří důl - Řeka,P,6216,Drepanocladus vernicosus,2005,p
CZ0614059,Štíří důl - Řeka,P,4094,Gentianella bohemica,2005,p
CZ0614131,Údolí Oslavy a Chvojnice,I,6199,Callimorpha quadripunctaria,2005,p
CZ0614131,Údolí Oslavy a Chvojnice,F,1163,Cottus gobio,2009,p
CZ0614131,Údolí Oslavy a Chvojnice,P,1381,Dicranum viride,2005,p
CZ0614131,Údolí Oslavy a Chvojnice,P,2093,Pulsatilla grandis,2005,p
CZ0614131,Údolí Oslavy a Chvojnice,P,4104,Himantoglossum adriaticum,2005,p
CZ0614132,Kamenický rybník,P,1887,Coleanthus subtilis,2009,p
CZ0614133,Kozének,P,2093,Pulsatilla grandis,2009,p
CZ0614134,Údolí Jihlavy,I,6199,Callimorpha quadripunctaria,2009,p
CZ0614135,U Miličovska,I,1013,Vertigo geyeri,2016,p
CZ0614136,Chotáry,I,1013,Vertigo geyeri,2016,p
CZ0614137,Maršálka,I,1013,Vertigo geyeri,2016,p
CZ0615001,Zaječí skok,P,1381,Dicranum viride,2009,p
CZ0615014,Louky u Černého lesa,P,6216,Drepanocladus vernicosus,2005,p
CZ0615018,Šimanovské rašeliniště,P,6216,Drepanocladus vernicosus,2005,p
CZ0620419,Na Adamcích,P,4067,Echium russicum,2016,p
CZ0622007,Horky u Milotic,P,4067,Echium russicum,2005,p
CZ0622009,Hovoranské louky,P,2093,Pulsatilla grandis,2005,p
CZ0622009,Hovoranské louky,P,4067,Echium russicum,2005,p
CZ0622009,Hovoranské louky,P,6282,Serratula lycopifolia,2005,p
CZ0622009,Hovoranské louky,P,4091,Crambe tataria,2005,p
CZ0622017,Louky pod Kumstátem,P,2093,Pulsatilla grandis,2005,p
CZ0622017,Louky pod Kumstátem,P,4067,Echium russicum,2005,p
CZ0622026,Trkmanské louky,P,4081,Cirsium brachycephalum,2005,p
CZ0622037,Trkmanec - Rybníčky,P,4081,Cirsium brachycephalum,2005,p
CZ0622142,Rojetínský hadec,P,4066,Asplenium adulterinum,2005,p
CZ0622150,Biskoupský kopec,P,2093,Pulsatilla grandis,2005,p
CZ0622161,Ve Žlebě,P,2093,Pulsatilla grandis,2005,p
CZ0622162,Kopečky u Únanova,P,2093,Pulsatilla grandis,2005,p
CZ0622166,Miliovy louky,P,4067,Echium russicum,2005,p
CZ0622167,Žebětín,P,2093,Pulsatilla grandis,2005,p
CZ0622168,Mušenice,P,1902,Cypripedium calceolus,2005,p
CZ0622169,Na Kocourkách,P,2093,Pulsatilla grandis,2005,p
CZ0622169,Na Kocourkách,P,6220,Iris humilis subsp. arenaria,2005,p
CZ0622170,Na lesní horce,P,2093,Pulsatilla grandis,2005,p
CZ0622172,Nad Vápenkou,P,2093,Pulsatilla grandis,2005,p
CZ0622173,Netopýrky,P,2093,Pulsatilla grandis,2005,p
CZ0622174,V Jezdinách,P,1902,Cypripedium calceolus,2005,p
CZ0622175,Pekárka,P,2093,Pulsatilla grandis,2005,p
CZ0622175,Pekárka,P,4076,Dianthus moravicus,2005,p
CZ0622179,Široký,P,2093,Pulsatilla grandis,2005,p
CZ0622181,Červené stráně,P,4076,Dianthus moravicus,2005,p
CZ0622184,Visengrunty,P,4067,Echium russicum,2005,p
CZ0622217,Stepní stráně u Komořan,P,2093,Pulsatilla grandis,2005,p
CZ0622218,Dunajovické kopce,P,1917,Artemisia pancicii,2005,p
CZ0622218,Dunajovické kopce,P,6282,Serratula lycopifolia,2005,p
CZ0622218,Dunajovické kopce,P,4091,Crambe tataria,2005,p
CZ0622219,Zápověď u Karlína,P,4067,Echium russicum,2005,p
CZ0622221,Štěpánovský lom,P,6220,Iris humilis subsp. arenaria,2005,p
CZ0622223,U kapličky,P,6220,Iris humilis subsp. arenaria,2005,p
CZ0622224,U Michálka,P,6220,Iris humilis subsp. arenaria,2005,p
CZ0622226,Velký kopec,P,2093,Pulsatilla grandis,2016,p
CZ0622227,Volkramy,P,2093,Pulsatilla grandis,2016,p
CZ0623003,Břeclav - kaple u nádraží,M,1324,Myotis myotis,2005,r
CZ0623004,Břežanka a Břežanský rybník,I,1016,Vertigo moulinsiana,2005,p
CZ0623010,Hevlínské jezero,A,1188,Bombina bombina,2005,p
CZ0623011,Tasovický lom,A,1167,Triturus carnifex,2005,p
CZ0623016,Lednice - zámek,M,1303,Rhinolophus hipposideros,2005,r
CZ0623016,Lednice - zámek,M,1303,Rhinolophus hipposideros,2005,w
CZ0623018,Milotice - letiště,M,1335,Spermophilus citellus,2005,p
CZ0623019,Oleksovická mokřina,F,1149,Cobitis taenia,2005,p
CZ0623021,Písečný rybník,I,4056,Anisus vorticulus,2005,p
CZ0623022,Pokran,F,1145,Misgurnus fossilis,2005,p
CZ0623025,Slavkovský zámecký park a aleje,I,1084,Osmoderma eremita,2005,p
CZ0623026,Studánkový vrch,I,1074,Eriogaster catax,2005,p
CZ0623027,Šumické rybníky,A,1188,Bombina bombina,2005,p
CZ0623030,Vrbovecký rybník,A,1188,Bombina bombina,2005,p
CZ0623031,Vypálenky,A,1188,Bombina bombina,2005,p
CZ0623031,Vypálenky,A,1993,Triturus dobrogicus,2005,p
CZ0623032,Židlochovický zámecký park,I,1084,Osmoderma eremita,2005,p
CZ0623034,Znojmo - Kostel Nalezení sv. kříže,M,1324,Myotis myotis,2005,r
CZ0623035,Bílý kopec u Čejče,I,6199,Callimorpha quadripunctaria,2005,p
CZ0623035,Bílý kopec u Čejče,I,4011,Bolbelasmus unicornis,2005,p
CZ0623040,Hovoranský hájek,I,1083,Lucanus cervus,2005,p
CZ0623041,Jevišovka,F,1149,Cobitis taenia,2005,p
CZ0623045,Rendezvous,I,1083,Lucanus cervus,2005,p
CZ0623045,Rendezvous,I,1084,Osmoderma eremita,2005,p
CZ0623045,Rendezvous,I,1088,Cerambyx cerdo,2005,p
CZ0623046,Trávní dvůr,I,1086,Cucujus cinnaberinus,2005,p
CZ0623046,Trávní dvůr,F,1145,Misgurnus fossilis,2005,p
CZ0623046,Trávní dvůr,A,1188,Bombina bombina,2005,p
CZ0623324,Bobrůvka,F,1163,Cottus gobio,2005,p
CZ0623329,Prudká,M,1303,Rhinolophus hipposideros,2005,r
CZ0623329,Prudká,M,1321,Myotis emarginatus,2005,r
CZ0623344,Podkomorské lesy,I,1083,Lucanus cervus,2005,p
CZ0623345,Citonice - rybník Skalka,A,1167,Triturus carnifex,2005,p
CZ0623348,Jankovec,A,1188,Bombina bombina,2005,p
CZ0623349,Velický hliník,A,1193,Bombina variegata,2005,p
CZ0623354,Crhov - Rozsíčka,I,6199,Callimorpha quadripunctaria,2005,p
CZ0623355,Lovčický potok a Jordánek,I,6199,Callimorpha quadripunctaria,2005,p
CZ0623357,Mašovický lom,A,1167,Triturus carnifex,2005,p
CZ0623358,Horní Mouřínovský rybník,A,1188,Bombina bombina,2005,p
CZ0623359,Čekál,A,1188,Bombina bombina,2005,p
CZ0623360,Podmolí - strouha,A,1167,Triturus carnifex,2005,p
CZ0623365,Rakšické louky,A,1166,Triturus cristatus,2005,p
CZ0623365,Rakšické louky,A,1188,Bombina bombina,2009,p
CZ0623366,Střelická bažinka,A,1166,Triturus cristatus,2005,p
CZ0623367,U Huberta,A,1166,Triturus cristatus,2005,p
CZ0623368,Kaolinka,A,1167,Triturus carnifex,2005,p
CZ0623370,Letiště Marchanice,M,1335,Spermophilus citellus,2005,p
CZ0623372,Lom u Žerůtek,A,1167,Triturus carnifex,2005,p
CZ0623697,Doubravník - kostel,M,1324,Myotis myotis,2005,r
CZ0623701,Blansko - kostel,M,1324,Myotis myotis,2005,r
CZ0623702,Borotín - zámek,M,1324,Myotis myotis,2005,r
CZ0623703,Dědice - kostel,M,1324,Myotis myotis,2005,r
CZ0623704,Dlouhá Lhota,M,1303,Rhinolophus hipposideros,2005,r
CZ0623707,Starý zámek Jevišovice,M,1324,Myotis myotis,2005,r
CZ0623708,Nový zámek Jevišovice,M,1321,Myotis emarginatus,2005,r
CZ0623709,Křetín - zámek,M,1303,Rhinolophus hipposideros,2005,r
CZ0623710,Křtiny - kostel,M,1303,Rhinolophus hipposideros,2005,r
CZ0623710,Křtiny - kostel,M,1324,Myotis myotis,2005,r
CZ0623711,Lipov - kostel,M,1324,Myotis myotis,2005,r
CZ0623713,Rosice - zámek,M,1324,Myotis myotis,2005,r
CZ0623717,Tavíkovice - zámek,M,1321,Myotis emarginatus,2005,r
CZ0623718,Uherčice - zámek,M,1303,Rhinolophus hipposideros,2005,p
CZ0623718,Uherčice - zámek,M,1303,Rhinolophus hipposideros,2005,r
CZ0623718,Uherčice - zámek,M,1303,Rhinolophus hipposideros,2005,w
CZ0623719,Vranov nad Dyjí - základní škola,M,1321,Myotis emarginatus,2005,r
CZ0623772,Božický mokřad,A,1188,Bombina bombina,2005,p
CZ0623775,Bučovice - zámek,M,1324,Myotis myotis,2005,r
CZ0623778,Emin zámeček,M,1324,Myotis myotis,2005,r
CZ0623781,Klentnice - kostel svatého Jiří,M,1324,Myotis myotis,2005,r
CZ0623782,Rybniční zámeček,M,1321,Myotis emarginatus,2005,r
CZ0623788,Popice - fara,M,1303,Rhinolophus hipposideros,2005,r
CZ0623793,Úvalský rybník,A,1188,Bombina bombina,2005,p
CZ0623797,Strážnicko,I,1060,Lycaena dispar,2005,p
CZ0623798,Božické rybníky,I,1016,Vertigo moulinsiana,2005,p
CZ0623799,Drnholecký luh,I,1086,Cucujus cinnaberinus,2005,p
CZ0623799,Drnholecký luh,A,1188,Bombina bombina,2005,p
CZ0623800,Knížecí les,A,1188,Bombina bombina,2005,p
CZ0623801,Přísnotický les,A,1166,Triturus cristatus,2005,p
CZ0623803,Bezručova alej,I,1084,Osmoderma eremita,2005,p
CZ0623807,Hobrtenky,I,1083,Lucanus cervus,2005,p
CZ0623808,Pisárky,I,1083,Lucanus cervus,2005,p
CZ0623819,Řeka Rokytná,I,1032,Unio crassus,2005,p
CZ0623819,Řeka Rokytná,F,5329,Gobio albipinnatus,2005,p
CZ0623820,Letiště Medlánky,M,1335,Spermophilus citellus,2016,p
CZ0624001,Meandry Dyje,I,1037,Ophiogomphus cecilia,2007,p
CZ0624020,Stránská skála,P,2093,Pulsatilla grandis,2005,p
CZ0624043,Stolová hora,I,6199,Callimorpha quadripunctaria,2005,p
CZ0624043,Stolová hora,I,1083,Lucanus cervus,2005,p
CZ0624043,Stolová hora,P,2093,Pulsatilla grandis,2005,p
CZ0624043,Stolová hora,P,4075,Dianthus lumnitzeri,2005,p
CZ0624043,Stolová hora,P,6220,Iris humilis subsp. arenaria,2005,p
CZ0624060,Pouzdřanská step - Kolby,I,6199,Callimorpha quadripunctaria,2005,p
CZ0624060,Pouzdřanská step - Kolby,I,1083,Lucanus cervus,2005,p
CZ0624060,Pouzdřanská step - Kolby,P,1917,Artemisia pancicii,2005,p
CZ0624060,Pouzdřanská step - Kolby,I,4013,Carabus hungaricus,2005,p
CZ0624060,Pouzdřanská step - Kolby,P,4091,Crambe tataria,2005,p
CZ0624064,Krumlovský les,A,1166,Triturus cristatus,2005,p
CZ0624064,Krumlovský les,M,1308,Barbastella barbastellus,2009,p
CZ0624064,Krumlovský les,M,1308,Barbastella barbastellus,2009,r
CZ0624065,Květnice,M,1303,Rhinolophus hipposideros,2005,w
CZ0624066,Jasenová,P,4067,Echium russicum,2005,p
CZ0624067,Kamenný vrch,P,2093,Pulsatilla grandis,2005,p
CZ0624068,Strážnická Morava,I,1037,Ophiogomphus cecilia,2009,p
CZ0624068,Strážnická Morava,I,1086,Cucujus cinnaberinus,2005,p
CZ0624068,Strážnická Morava,F,1145,Misgurnus fossilis,2005,p
CZ0624068,Strážnická Morava,M,1337,Castor fiber,2009,p
CZ0624069,Strabišov - Oulehla,P,1902,Cypripedium calceolus,2005,p
CZ0624070,Hodonínská doubrava,I,6199,Callimorpha quadripunctaria,2005,p
CZ0624070,Hodonínská doubrava,I,1083,Lucanus cervus,2005,p
CZ0624070,Hodonínská doubrava,A,1188,Bombina bombina,2005,p
CZ0624070,Hodonínská doubrava,M,1308,Barbastella barbastellus,2005,r
CZ0624070,Hodonínská doubrava,M,1323,Myotis bechsteinii,2005,r
CZ0624070,Hodonínská doubrava,P,4096,Gladiolus palustris,2005,p
CZ0624071,Očov,F,5339,Rhodeus sericeus amarus,2005,p
CZ0624072,Čertoryje,I,1060,Lycaena dispar,2005,p
CZ0624072,Čertoryje,I,1074,Eriogaster catax,2005,p
CZ0624072,Čertoryje,I,6199,Callimorpha quadripunctaria,2005,p
CZ0624072,Čertoryje,I,1083,Lucanus cervus,2005,p
CZ0624072,Čertoryje,I,1088,Cerambyx cerdo,2005,p
CZ0624072,Čertoryje,P,1902,Cypripedium calceolus,2005,p
CZ0624072,Čertoryje,I,4030,Colias myrmidone,2005,p
CZ0624072,Čertoryje,P,6282,Serratula lycopifolia,2005,p
CZ0624072,Čertoryje,P,4096,Gladiolus palustris,2005,p
CZ0624094,Bosonožský hájek,P,1902,Cypripedium calceolus,2005,p
CZ0624095,Údolí Dyje,I,1079,Limoniscus violaceus,2005,p
CZ0624095,Údolí Dyje,I,1083,Lucanus cervus,2005,p
CZ0624095,Údolí Dyje,I,1088,Cerambyx cerdo,2005,p
CZ0624095,Údolí Dyje,F,5329,Gobio albipinnatus,2005,p
CZ0624095,Údolí Dyje,F,5339,Rhodeus sericeus amarus,2005,p
CZ0624095,Údolí Dyje,M,1324,Myotis myotis,2005,p
CZ0624095,Údolí Dyje,P,4076,Dianthus moravicus,2005,p
CZ0624096,Podyjí,I,6199,Callimorpha quadripunctaria,2005,p
CZ0624096,Podyjí,I,1079,Limoniscus violaceus,2005,p
CZ0624096,Podyjí,I,1083,Lucanus cervus,2005,p
CZ0624096,Podyjí,I,1088,Cerambyx cerdo,2005,p
CZ0624096,Podyjí,F,1163,Cottus gobio,2005,p
CZ0624096,Podyjí,A,1166,Triturus cristatus,2005,p
CZ0624096,Podyjí,M,1303,Rhinolophus hipposideros,2005,r
CZ0624096,Podyjí,M,1308,Barbastella barbastellus,2005,r
CZ0624096,Podyjí,M,1323,Myotis bechsteinii,2005,r
CZ0624096,Podyjí,P,1386,Buxbaumia viridis,2009,p
CZ0624096,Podyjí,P,1902,Cypripedium calceolus,2005,p
CZ0624096,Podyjí,P,2093,Pulsatilla grandis,2005,p
CZ0624097,Šévy,P,2093,Pulsatilla grandis,2005,p
CZ0624098,Turold,M,1303,Rhinolophus hipposideros,2005,w
CZ0624098,Turold,P,6220,Iris humilis subsp. arenaria,2005,p
CZ0624099,Niva Dyje,I,1060,Lycaena dispar,2005,p
CZ0624099,Niva Dyje,I,1083,Lucanus cervus,2005,p
CZ0624099,Niva Dyje,I,1084,Osmoderma eremita,2005,p
CZ0624099,Niva Dyje,I,1086,Cucujus cinnaberinus,2005,p
CZ0624099,Niva Dyje,I,1088,Cerambyx cerdo,2005,p
CZ0624099,Niva Dyje,F,5339,Rhodeus sericeus amarus,2005,p
CZ0624099,Niva Dyje,F,1145,Misgurnus fossilis,2005,p
CZ0624099,Niva Dyje,A,1188,Bombina bombina,2005,p
CZ0624099,Niva Dyje,M,1303,Rhinolophus hipposideros,2005,p
CZ0624099,Niva Dyje,M,1337,Castor fiber,2005,p
CZ0624099,Niva Dyje,I,4056,Anisus vorticulus,2005,p
CZ0624100,Milovický les,I,1074,Eriogaster catax,2005,p
CZ0624100,Milovický les,I,6199,Callimorpha quadripunctaria,2005,p
CZ0624100,Milovický les,I,1083,Lucanus cervus,2005,p
CZ0624100,Milovický les,M,1308,Barbastella barbastellus,2005,r
CZ0624100,Milovický les,M,1323,Myotis bechsteinii,2005,r
CZ0624101,Kuntínov,I,6199,Callimorpha quadripunctaria,2005,p
CZ0624101,Kuntínov,I,1083,Lucanus cervus,2005,p
CZ0624101,Kuntínov,P,1689,Dracocephalum austriacum,2005,p
CZ0624101,Kuntínov,P,1902,Cypripedium calceolus,2005,p
CZ0624101,Kuntínov,P,4067,Echium russicum,2005,p
CZ0624102,Slanisko u Nesytu,I,1014,Vertigo angustior,2005,p
CZ0624103,Mušovský luh,I,1083,Lucanus cervus,2005,p
CZ0624103,Mušovský luh,I,1086,Cucujus cinnaberinus,2005,p
CZ0624103,Mušovský luh,F,5329,Gobio albipinnatus,2009,p
CZ0624103,Mušovský luh,M,1355,Lutra lutra,2005,p
CZ0624104,Děvín,I,6199,Callimorpha quadripunctaria,2005,p
CZ0624104,Děvín,I,1083,Lucanus cervus,2005,p
CZ0624104,Děvín,M,1308,Barbastella barbastellus,2005,p
CZ0624104,Děvín,M,1323,Myotis bechsteinii,2005,p
CZ0624104,Děvín,I,4013,Carabus hungaricus,2005,p
CZ0624104,Děvín,P,4075,Dianthus lumnitzeri,2005,p
CZ0624104,Děvín,P,6220,Iris humilis subsp. arenaria,2005,p
CZ0624106,Tvořihrázský les,I,1083,Lucanus cervus,2005,p
CZ0624106,Tvořihrázský les,I,1088,Cerambyx cerdo,2005,p
CZ0624106,Tvořihrázský les,M,1308,Barbastella barbastellus,2007,r
CZ0624108,Zimarky,P,4091,Crambe tataria,2005,p
CZ0624112,Špice,P,4091,Crambe tataria,2005,p
CZ0624114,Přední kout,I,6199,Callimorpha quadripunctaria,2005,p
CZ0624115,Kamenný vrch u Kurdějova,P,4067,Echium russicum,2005,p
CZ0624116,Špidláky,P,1917,Artemisia pancicii,2005,p
CZ0624116,Špidláky,I,4013,Carabus hungaricus,2005,p
CZ0624116,Špidláky,P,4091,Crambe tataria,2005,p
CZ0624118,Skalky u Havraníků,P,2093,Pulsatilla grandis,2005,p
CZ0624119,Soutok - Podluží,I,1032,Unio crassus,2005,p
CZ0624119,Soutok - Podluží,I,1037,Ophiogomphus cecilia,2007,p
CZ0624119,Soutok - Podluží,I,1060,Lycaena dispar,2005,p
CZ0624119,Soutok - Podluží,I,1084,Osmoderma eremita,2005,p
CZ0624119,Soutok - Podluží,I,1086,Cucujus cinnaberinus,2005,p
CZ0624119,Soutok - Podluží,I,1088,Cerambyx cerdo,2005,p
CZ0624119,Soutok - Podluží,F,5329,Gobio albipinnatus,2005,p
CZ0624119,Soutok - Podluží,F,1130,Aspius aspius,2005,p
CZ0624119,Soutok - Podluží,F,5339,Rhodeus sericeus amarus,2005,p
CZ0624119,Soutok - Podluží,F,1145,Misgurnus fossilis,2005,p
CZ0624119,Soutok - Podluží,F,1149,Cobitis taenia,2005,p
CZ0624119,Soutok - Podluží,F,1157,Gymnocephalus schraetser,2005,p
CZ0624119,Soutok - Podluží,F,1159,Zingel zingel,2007,p
CZ0624119,Soutok - Podluží,F,1160,Zingel streber,2005,p
CZ0624119,Soutok - Podluží,A,1188,Bombina bombina,2005,p
CZ0624119,Soutok - Podluží,M,1337,Castor fiber,2005,p
CZ0624119,Soutok - Podluží,M,1355,Lutra lutra,2005,p
CZ0624119,Soutok - Podluží,A,1993,Triturus dobrogicus,2005,p
CZ0624119,Soutok - Podluží,F,2522,Pelecus cultratus,2005,p
CZ0624119,Soutok - Podluží,F,2555,Gymnocephalus baloni,2005,p
CZ0624119,Soutok - Podluží,I,4056,Anisus vorticulus,2005,p
CZ0624128,Krumlovsko-rokytenské slepence,I,1088,Cerambyx cerdo,2005,p
CZ0624128,Krumlovsko-rokytenské slepence,P,2093,Pulsatilla grandis,2005,p
CZ0624128,Krumlovsko-rokytenské slepence,P,4076,Dianthus moravicus,2005,p
CZ0624129,Luční údolí,A,1166,Triturus cristatus,2005,p
CZ0624130,Moravský kras,I,6199,Callimorpha quadripunctaria,2005,p
CZ0624130,Moravský kras,I,1079,Limoniscus violaceus,2005,p
CZ0624130,Moravský kras,F,1163,Cottus gobio,2005,p
CZ0624130,Moravský kras,M,1303,Rhinolophus hipposideros,2005,p
CZ0624130,Moravský kras,M,1303,Rhinolophus hipposideros,2005,w
CZ0624130,Moravský kras,M,1308,Barbastella barbastellus,2005,p
CZ0624130,Moravský kras,M,1308,Barbastella barbastellus,2005,w
CZ0624130,Moravský kras,M,1321,Myotis emarginatus,2005,p
CZ0624130,Moravský kras,M,1321,Myotis emarginatus,2005,w
CZ0624130,Moravský kras,M,1323,Myotis bechsteinii,2005,c
CZ0624130,Moravský kras,M,1323,Myotis bechsteinii,2005,p
CZ0624130,Moravský kras,M,1323,Myotis bechsteinii,2005,w
CZ0624130,Moravský kras,M,1324,Myotis myotis,2005,p
CZ0624130,Moravský kras,M,1324,Myotis myotis,2005,w
CZ0624130,Moravský kras,P,1386,Buxbaumia viridis,2005,p
CZ0624130,Moravský kras,P,1902,Cypripedium calceolus,2005,p
CZ0624130,Moravský kras,P,2093,Pulsatilla grandis,2005,p
CZ0624130,Moravský kras,P,4067,Echium russicum,2005,p
CZ0624132,Údolí Svitavy,I,1079,Limoniscus violaceus,2005,p
CZ0624234,Svatý kopeček u Mikulova,I,6199,Callimorpha quadripunctaria,2005,p
CZ0624234,Svatý kopeček u Mikulova,I,1083,Lucanus cervus,2005,p
CZ0624234,Svatý kopeček u Mikulova,P,6220,Iris humilis subsp. arenaria,2005,p
CZ0624235,Malhostovické kopečky,P,2093,Pulsatilla grandis,2009,p
CZ0624236,Jižní svahy Hádů,P,2093,Pulsatilla grandis,2009,p
CZ0624238,Meandry Jihlavy,F,5329,Gobio albipinnatus,2016,p
CZ0625020,Trenckova rokle,P,1386,Buxbaumia viridis,2005,p
CZ0710182,Choryňský mokřad,I,1042,Leucorrhinia pectoralis,2009,p
CZ0712186,Hrdibořické rybníky,P,1617,Angelica palustris,2005,p
CZ0712187,Chrastický hadec,P,4066,Asplenium adulterinum,2005,p
CZ0712189,Pod Rudným vrchem,P,1902,Cypripedium calceolus,2005,p
CZ0712191,Stráň nad Huťským potokem,P,4094,Gentianella bohemica,2005,p
CZ0712192,U Bílých hlín,P,2093,Pulsatilla grandis,2005,p
CZ0712193,U Strejčkova lomu,P,2093,Pulsatilla grandis,2005,p
CZ0712197,Žďár,P,4066,Asplenium adulterinum,2005,p
CZ0712225,Za hrnčířkou,P,2093,Pulsatilla grandis,2005,p
CZ0712226,Poláchovy stráně - Výří skály,P,1902,Cypripedium calceolus,2016,p
CZ0713004,Račinka,F,2484,Eudontomyzon mariae,2009,p
CZ0713008,Deylův ostrůvek,A,1166,Triturus cristatus,2009,p
CZ0713008,Deylův ostrůvek,A,1188,Bombina bombina,2009,p
CZ0713374,Horní Morava,F,1096,Lampetra planeri,2005,p
CZ0713375,Hustopeče - Štěrkáč,I,1086,Cucujus cinnaberinus,2005,p
CZ0713383,Ohrozim - Horka,A,1166,Triturus cristatus,2005,p
CZ0713385,Písečná - mokřad,A,1193,Bombina variegata,2005,p
CZ0713388,Protivanov,I,6179,Maculinea nausithous,2005,p
CZ0713391,Týn nad Bečvou,I,4056,Anisus vorticulus,2005,p
CZ0713394,Dolní a Prostřední Svrčov,A,1188,Bombina bombina,2005,p
CZ0713395,Vidnava,I,6179,Maculinea nausithous,2005,p
CZ0713397,Zlaté Hory - Černé jezero,A,2001,Triturus montandoni,2005,p
CZ0713398,Zlaté Hory - Zlaté jezero,A,1193,Bombina variegata,2005,p
CZ0713526,Velká Střelná - štoly,M,1321,Myotis emarginatus,2005,w
CZ0713526,Velká Střelná - štoly,M,1324,Myotis myotis,2005,c
CZ0713526,Velká Střelná - štoly,M,1324,Myotis myotis,2005,w
CZ0713720,Bílá Lhota,M,1324,Myotis myotis,2005,r
CZ0713722,Branná - hrad,M,1303,Rhinolophus hipposideros,2005,r
CZ0713723,Čechy pod Kosířem,M,1303,Rhinolophus hipposideros,2005,r
CZ0713724,Černá Voda - kostel,M,1303,Rhinolophus hipposideros,2005,r
CZ0713725,Černá Voda - kulturní dům,M,1321,Myotis emarginatus,2005,r
CZ0713726,Hanušovice - kostel,M,1324,Myotis myotis,2005,r
CZ0713728,Chudobín,M,1324,Myotis myotis,2005,r
CZ0713730,Na Špičáku,M,1303,Rhinolophus hipposideros,2005,w
CZ0713734,Libina - U Černušků,M,1321,Myotis emarginatus,2005,r
CZ0713735,Lipová-lázně - mateřská školka,M,1303,Rhinolophus hipposideros,2005,r
CZ0713736,Otaslavice - kostel,M,1324,Myotis myotis,2005,r
CZ0713739,Ruda nad Moravou,M,1324,Myotis myotis,2005,r
CZ0713740,Sobotín - domov důchodců,M,1303,Rhinolophus hipposideros,2005,r
CZ0713741,Soudkova štola,M,1303,Rhinolophus hipposideros,2005,c
CZ0713741,Soudkova štola,M,1303,Rhinolophus hipposideros,2005,w
CZ0713742,Štola Marie Pomocná,M,1324,Myotis myotis,2005,w
CZ0713743,Štola Mařka,M,1308,Barbastella barbastellus,2005,c
CZ0713743,Štola Mařka,M,1308,Barbastella barbastellus,2005,w
CZ0713743,Štola Mařka,M,1324,Myotis myotis,2005,c
CZ0713743,Štola Mařka,M,1324,Myotis myotis,2005,w
CZ0713745,Velké Losiny - lázeňský dům Eliška,M,1321,Myotis emarginatus,2005,r
CZ0713746,Veselíčko,M,1324,Myotis myotis,2005,r
CZ0713747,Vlkoš - statek,M,1321,Myotis emarginatus,2005,r
CZ0713827,Stará Červená Voda - lesní komplex,A,1193,Bombina variegata,2016,p
CZ0714073,Litovelské Pomoraví,I,1037,Ophiogomphus cecilia,2016,p
CZ0714073,Litovelské Pomoraví,I,1060,Lycaena dispar,2005,p
CZ0714073,Litovelské Pomoraví,I,6179,Maculinea nausithous,2005,p
CZ0714073,Litovelské Pomoraví,A,1166,Triturus cristatus,2005,p
CZ0714073,Litovelské Pomoraví,A,1188,Bombina bombina,2005,p
CZ0714073,Litovelské Pomoraví,M,1308,Barbastella barbastellus,2005,p
CZ0714073,Litovelské Pomoraví,M,1337,Castor fiber,2005,p
CZ0714073,Litovelské Pomoraví,M,1355,Lutra lutra,2005,p
CZ0714073,Litovelské Pomoraví,I,4056,Anisus vorticulus,2005,p
CZ0714075,Keprník,I,4014,Carabus variolosus,2005,p
CZ0714076,Kosíř - Lomy,I,6199,Callimorpha quadripunctaria,2005,p
CZ0714076,Kosíř - Lomy,P,2093,Pulsatilla grandis,2009,p
CZ0714077,Praděd,P,1386,Buxbaumia viridis,2005,p
CZ0714077,Praděd,P,6297,Campanula gelida,2005,p
CZ0714077,Praděd,P,2317,Poa riphaea,2005,p
CZ0714077,Praděd,I,4014,Carabus variolosus,2005,p
CZ0714078,Rabštejn,P,1386,Buxbaumia viridis,2005,p
CZ0714080,Špraněk,M,1303,Rhinolophus hipposideros,2005,c
CZ0714080,Špraněk,M,1303,Rhinolophus hipposideros,2005,w
CZ0714080,Špraněk,M,1308,Barbastella barbastellus,2005,c
CZ0714080,Špraněk,M,1308,Barbastella barbastellus,2005,w
CZ0714080,Špraněk,M,1321,Myotis emarginatus,2005,c
CZ0714080,Špraněk,M,1321,Myotis emarginatus,2005,w
CZ0714080,Špraněk,M,1323,Myotis bechsteinii,2005,c
CZ0714081,Rejvíz,P,1386,Buxbaumia viridis,2005,p
CZ0714081,Rejvíz,I,4014,Carabus variolosus,2005,p
CZ0714082,Bečva - Žebračka,I,1032,Unio crassus,2005,p
CZ0714082,Bečva - Žebračka,A,1188,Bombina bombina,2005,p
CZ0714082,Bečva - Žebračka,F,6143,Gobio kesslerii,2005,p
CZ0714083,Malý Kosíř,I,6199,Callimorpha quadripunctaria,2005,p
CZ0714084,Hadce a bučiny u Raškova,P,4066,Asplenium adulterinum,2005,p
CZ0714085,Morava - Chropyňský luh,I,1060,Lycaena dispar,2005,p
CZ0714085,Morava - Chropyňský luh,I,6179,Maculinea nausithous,2005,p
CZ0714085,Morava - Chropyňský luh,A,1166,Triturus cristatus,2005,p
CZ0714085,Morava - Chropyňský luh,M,1337,Castor fiber,2005,p
CZ0714085,Morava - Chropyňský luh,F,6143,Gobio kesslerii,2005,p
CZ0714086,Rychlebské hory - Sokolský hřbet,M,1303,Rhinolophus hipposideros,2005,w
CZ0714086,Rychlebské hory - Sokolský hřbet,M,1324,Myotis myotis,2005,w
CZ0714133,Libavá,F,1163,Cottus gobio,2009,p
CZ0714133,Libavá,I,4014,Carabus variolosus,2005,p
CZ0714771,Hůrka u Hranic,M,1324,Myotis myotis,2005,c
CZ0714771,Hůrka u Hranic,M,1324,Myotis myotis,2005,r
CZ0714772,Údolí Bystřice,I,6199,Callimorpha quadripunctaria,2009,p
CZ0715025,Údolí Malínského potoka,P,1386,Buxbaumia viridis,2005,p
CZ0722198,Hodňovská dolina,P,4088,Tephroseris longifolia subsp. moravica,2005,p
CZ0722199,Hrušová dolina,P,4088,Tephroseris longifolia subsp. moravica,2005,p
CZ0722201,Kobylí hlava,P,4067,Echium russicum,2005,p
CZ0723007,Čerťák,F,5339,Rhodeus sericeus amarus,2005,p
CZ0723012,Insel,F,5339,Rhodeus sericeus amarus,2005,p
CZ0723020,Údolí Okluky,I,1074,Eriogaster catax,2005,p
CZ0723024,Rochus,I,1074,Eriogaster catax,2005,p
CZ0723401,Březnice u Zlína,I,1014,Vertigo angustior,2005,p
CZ0723403,Uhliska,I,6177,Maculinea teleius,2005,p
CZ0723403,Uhliska,I,6179,Maculinea nausithous,2005,p
CZ0723406,Chvalčov,A,1166,Triturus cristatus,2005,p
CZ0723409,Kurovice - lom,A,1166,Triturus cristatus,2005,p
CZ0723410,Mokřad Pumpák,A,1166,Triturus cristatus,2005,p
CZ0723412,Mokřad u Slováckých strojíren,A,1193,Bombina variegata,2005,p
CZ0723413,Ovčírka,A,1188,Bombina bombina,2005,p
CZ0723414,Polichno - Pod duby,I,1074,Eriogaster catax,2005,p
CZ0723415,Polichno,I,1074,Eriogaster catax,2005,p
CZ0723416,Popovické rybníky,A,1193,Bombina variegata,2005,p
CZ0723417,Pozděchov,I,1014,Vertigo angustior,2005,p
CZ0723421,Remízy u Bánova,I,1074,Eriogaster catax,2005,p
CZ0723423,Skalky,A,1188,Bombina bombina,2005,p
CZ0723424,Stonáč,A,1188,Bombina bombina,2005,p
CZ0723425,Stráně u Popovic,I,1074,Eriogaster catax,2005,p
CZ0723426,Střížovice,A,1188,Bombina bombina,2005,p
CZ0723430,Údolí Bánovského potoka,I,1074,Eriogaster catax,2005,p
CZ0723430,Údolí Bánovského potoka,A,1193,Bombina variegata,2005,p
CZ0723434,Vlára,F,1146,Sabanejewia aurata,2005,p
CZ0723750,Jankovice - kostel,M,1324,Myotis myotis,2005,r
CZ0723751,Komňa - kostel,M,1324,Myotis myotis,2005,r
CZ0723752,Lidečko - kostel,M,1324,Myotis myotis,2005,r
CZ0723753,Luhačovice - zámek,M,1303,Rhinolophus hipposideros,2005,r
CZ0723753,Luhačovice - zámek,M,1324,Myotis myotis,2005,r
CZ0723754,Pozděchov - kostel,M,1303,Rhinolophus hipposideros,2005,r
CZ0723755,Rusava - kostel,M,1324,Myotis myotis,2005,r
CZ0723756,Slavičín - kostel,M,1324,Myotis myotis,2005,r
CZ0723757,Slavičín - zámek,M,1321,Myotis emarginatus,2005,r
CZ0723758,Slušovice - kostel,M,1324,Myotis myotis,2005,r
CZ0723759,Štola Sintrová,M,1303,Rhinolophus hipposideros,2005,w
CZ0723813,Kotrlé,I,1014,Vertigo angustior,2005,p
CZ0724087,Újezdecký les,I,1074,Eriogaster catax,2005,p
CZ0724089,Beskydy,I,1032,Unio crassus,2005,p
CZ0724089,Beskydy,I,1086,Cucujus cinnaberinus,2005,p
CZ0724089,Beskydy,A,1193,Bombina variegata,2005,p
CZ0724089,Beskydy,M,1324,Myotis myotis,2005,p
CZ0724089,Beskydy,M,1352,Canis lupus,2005,p
CZ0724089,Beskydy,M,1354,Ursus arctos,2005,p
CZ0724089,Beskydy,M,1355,Lutra lutra,2005,p
CZ0724089,Beskydy,M,1361,Lynx lynx,2005,p
CZ0724089,Beskydy,P,1386,Buxbaumia viridis,2005,p
CZ0724089,Beskydy,A,2001,Triturus montandoni,2005,p
CZ0724089,Beskydy,I,4014,Carabus variolosus,2005,p
CZ0724089,Beskydy,I,4026,Rhysodes sulcatus,2005,p
CZ0724089,Beskydy,P,4109,Aconitum firmum subsp. moravicum,2005,p
CZ0724090,Bílé Karpaty,I,1014,Vertigo angustior,2005,p
CZ0724090,Bílé Karpaty,I,1016,Vertigo moulinsiana,2005,p
CZ0724090,Bílé Karpaty,I,6177,Maculinea teleius,2005,p
CZ0724090,Bílé Karpaty,I,1060,Lycaena dispar,2005,p
CZ0724090,Bílé Karpaty,I,6179,Maculinea nausithous,2005,p
CZ0724090,Bílé Karpaty,I,1074,Eriogaster catax,2005,p
CZ0724090,Bílé Karpaty,I,6199,Callimorpha quadripunctaria,2005,p
CZ0724090,Bílé Karpaty,I,1086,Cucujus cinnaberinus,2009,p
CZ0724090,Bílé Karpaty,P,1902,Cypripedium calceolus,2005,p
CZ0724090,Bílé Karpaty,P,1903,Liparis loeselii,2009,p
CZ0724090,Bílé Karpaty,I,4014,Carabus variolosus,2005,p
CZ0724090,Bílé Karpaty,I,4030,Colias myrmidone,2005,p
CZ0724090,Bílé Karpaty,P,6282,Serratula lycopifolia,2005,p
CZ0724091,Chřiby,I,1014,Vertigo angustior,2005,p
CZ0724091,Chřiby,I,1060,Lycaena dispar,2005,p
CZ0724091,Chřiby,I,1087,Rosalia alpina,2005,p
CZ0724091,Chřiby,I,4046,Cordulegaster heros,2016,p
CZ0724107,Nedakonický les,F,5339,Rhodeus sericeus amarus,2005,p
CZ0724120,Kněžpolský les,I,1084,Osmoderma eremita,2005,p
CZ0724120,Kněžpolský les,F,5339,Rhodeus sericeus amarus,2005,p
CZ0724121,Nad Jasenkou,I,1014,Vertigo angustior,2005,p
CZ0724429,Hostýnské vrchy,A,2001,Triturus montandoni,2009,p
CZ0724429,Hostýnské vrchy,I,4014,Carabus variolosus,2009,p
CZ0724430,Vlárský průsmyk,I,6199,Callimorpha quadripunctaria,2009,p
CZ0724430,Vlárský průsmyk,I,1087,Rosalia alpina,2009,p
CZ0724430,Vlárský průsmyk,I,4014,Carabus variolosus,2009,p
CZ0724430,Vlárský průsmyk,P,4088,Tephroseris longifolia subsp. moravica,2009,p
CZ0810018,Sovinec,M,1308,Barbastella barbastellus,2009,w
CZ0810018,Sovinec,P,1386,Buxbaumia viridis,2009,p
CZ0813438,Cihelna Kunín,A,1166,Triturus cristatus,2005,p
CZ0813439,Děhylovský potok - Štěpán,I,1042,Leucorrhinia pectoralis,2009,p
CZ0813439,Děhylovský potok - Štěpán,F,1145,Misgurnus fossilis,2005,p
CZ0813439,Děhylovský potok - Štěpán,A,1188,Bombina bombina,2005,p
CZ0813442,Dolní Marklovice,A,1188,Bombina bombina,2005,p
CZ0813444,Heřmanický rybník,A,1166,Triturus cristatus,2005,p
CZ0813445,Heřmanovice,A,2001,Triturus montandoni,2005,p
CZ0813447,Hukvaldy,I,1084,Osmoderma eremita,2005,p
CZ0813448,Jakartovice,I,6179,Maculinea nausithous,2005,p
CZ0813449,Jilešovice - Děhylov,I,6179,Maculinea nausithous,2005,p
CZ0813450,Karlova Studánka,A,2001,Triturus montandoni,2005,p
CZ0813451,Karviná - rybníky,I,1084,Osmoderma eremita,2005,p
CZ0813455,Mokřad u Rondelu,A,1166,Triturus cristatus,2005,p
CZ0813456,Moravice,F,1096,Lampetra planeri,2009,p
CZ0813456,Moravice,F,1163,Cottus gobio,2009,p
CZ0813456,Moravice,M,1355,Lutra lutra,2005,p
CZ0813457,Niva Olše - Věřňovice,I,1084,Osmoderma eremita,2005,p
CZ0813457,Niva Olše - Věřňovice,A,1193,Bombina variegata,2005,p
CZ0813460,Osoblažský výběžek,A,1188,Bombina bombina,2005,p
CZ0813461,Šilheřovice,I,1084,Osmoderma eremita,2005,p
CZ0813462,Řeka Ostravice,F,1163,Cottus gobio,2005,p
CZ0813463,Paskov,I,1084,Osmoderma eremita,2005,p
CZ0813468,Sokolí potok,I,4014,Carabus variolosus,2005,p
CZ0813469,Staré hliniště,A,1166,Triturus cristatus,2005,p
CZ0813472,Suchá Rudná - zlatý lom,A,1166,Triturus cristatus,2005,p
CZ0813474,Údolí Moravice,I,6199,Callimorpha quadripunctaria,2005,p
CZ0813474,Údolí Moravice,F,1163,Cottus gobio,2005,p
CZ0813474,Údolí Moravice,I,4014,Carabus variolosus,2005,p
CZ0813475,Václavovice - pískovna,A,1166,Triturus cristatus,2005,p
CZ0813516,Olše,F,1096,Lampetra planeri,2005,p
CZ0813516,Olše,M,1355,Lutra lutra,2005,p
CZ0813760,Černý důl,M,1308,Barbastella barbastellus,2005,w
CZ0813763,Javorový vrch,M,1303,Rhinolophus hipposideros,2005,w
CZ0813763,Javorový vrch,M,1308,Barbastella barbastellus,2005,w
CZ0813763,Javorový vrch,M,1324,Myotis myotis,2005,w
CZ0813764,Staré Oldřůvky,M,1321,Myotis emarginatus,2005,w
CZ0813764,Staré Oldřůvky,M,1324,Myotis myotis,2005,w
CZ0813765,Štola Franz - Franz,M,1303,Rhinolophus hipposideros,2005,w
CZ0813765,Štola Franz - Franz,M,1321,Myotis emarginatus,2005,w
CZ0813765,Štola Franz - Franz,M,1324,Myotis myotis,2005,w
CZ0813766,Štola Jakartovice,M,1324,Myotis myotis,2005,w
CZ0813767,Zálužná,M,1308,Barbastella barbastellus,2005,w
CZ0813770,Čermná - důl Potlachový,M,1308,Barbastella barbastellus,2005,w
CZ0813810,Horní Odra,F,1163,Cottus gobio,2005,p
CZ0814092,Poodří,I,1032,Unio crassus,2005,p
CZ0814092,Poodří,I,1037,Ophiogomphus cecilia,2016,p
CZ0814092,Poodří,I,1060,Lycaena dispar,2005,p
CZ0814092,Poodří,I,6179,Maculinea nausithous,2005,p
CZ0814092,Poodří,I,1084,Osmoderma eremita,2005,p
CZ0814092,Poodří,F,5339,Rhodeus sericeus amarus,2016,p
CZ0814092,Poodří,F,1145,Misgurnus fossilis,2005,p
CZ0814092,Poodří,A,1166,Triturus cristatus,2005,p
CZ0814092,Poodří,A,1188,Bombina bombina,2005,p
CZ0814092,Poodří,I,4056,Anisus vorticulus,2005,p
CZ0814093,Hraniční meandry Odry,I,1084,Osmoderma eremita,2005,p
CZ0814093,Hraniční meandry Odry,I,1084,Osmoderma eremita,2005,w
CZ0814093,Hraniční meandry Odry,I,1086,Cucujus cinnaberinus,2005,p
CZ0814093,Hraniční meandry Odry,F,5339,Rhodeus sericeus amarus,2005,p
CZ0814093,Hraniční meandry Odry,F,5339,Rhodeus sericeus amarus,2005,r
CZ0814093,Hraniční meandry Odry,A,1193,Bombina variegata,2005,p
CZ0815031,Skalské rašeliniště,P,6216,Drepanocladus vernicosus,2005,p
